Driver,Team,LapNumber,LapTime,Sector1Time,Sector2Time,Sector3Time,Compound,TyreLife,TrackStatus,SpeedI1,SpeedI2,SpeedFL,SpeedST,Position,IsPersonalBest
VER,Red Bull Racing,1.0,,,0:42:643,0:37:469,TEST_UNKNOWN,1.0,1,235.0,240.0,288.0,203.0,,False
VER,Red Bull Racing,2.0,1:15:655,0:22:477,0:30:330,0:22:848,TEST_UNKNOWN,2.0,1,283.0,293.0,291.0,323.0,,True
VER,Red Bull Racing,3.0,2:05:478,0:39:092,0:55:848,0:30:538,TEST_UNKNOWN,3.0,1,139.0,152.0,291.0,190.0,,False
VER,Red Bull Racing,4.0,1:15:718,0:22:350,0:30:467,0:22:901,TEST_UNKNOWN,4.0,1,285.0,303.0,291.0,324.0,,False
VER,Red Bull Racing,5.0,1:28:200,0:25:115,0:33:965,0:29:120,TEST_UNKNOWN,5.0,1,219.0,235.0,,273.0,,False
VER,Red Bull Racing,6.0,2:15:249,1:00:422,0:44:519,0:30:308,MEDIUM,1.0,1,214.0,224.0,290.0,216.0,,False
VER,Red Bull Racing,7.0,1:14:968,0:22:268,0:30:016,0:22:684,MEDIUM,2.0,1,285.0,302.0,291.0,323.0,,True
VER,Red Bull Racing,8.0,1:47:059,0:34:130,0:42:392,0:30:537,MEDIUM,3.0,1,176.0,185.0,,197.0,,False
VER,Red Bull Racing,9.0,,,0:44:066,0:26:004,SOFT,1.0,1,195.0,252.0,292.0,215.0,,False
VER,Red Bull Racing,10.0,1:13:907,0:22:000,0:29:585,0:22:322,SOFT,2.0,1,286.0,299.0,288.0,322.0,,True
VER,Red Bull Racing,11.0,1:31:981,0:26:857,0:34:822,0:30:302,SOFT,3.0,1,220.0,220.0,,239.0,,False
VER,Red Bull Racing,12.0,,,0:41:907,0:24:042,MEDIUM,4.0,1,97.0,257.0,275.0,197.0,,False
VER,Red Bull Racing,13.0,1:20:186,0:23:986,0:32:166,0:24:034,MEDIUM,5.0,1,255.0,254.0,275.0,299.0,,False
VER,Red Bull Racing,14.0,1:19:654,0:23:923,0:32:012,0:23:719,MEDIUM,6.0,1,259.0,264.0,277.0,300.0,,False
VER,Red Bull Racing,15.0,1:20:302,0:24:099,0:32:076,0:24:127,MEDIUM,7.0,1,255.0,261.0,274.0,301.0,,False
VER,Red Bull Racing,16.0,1:20:349,0:24:084,0:32:191,0:24:074,MEDIUM,8.0,1,253.0,264.0,275.0,303.0,,False
VER,Red Bull Racing,17.0,1:20:189,0:23:926,0:32:159,0:24:104,MEDIUM,9.0,1,250.0,261.0,277.0,,,False
VER,Red Bull Racing,18.0,1:19:877,0:23:843,0:32:021,0:24:013,MEDIUM,10.0,1,256.0,267.0,277.0,302.0,,False
VER,Red Bull Racing,19.0,1:19:713,0:23:669,0:31:954,0:24:090,MEDIUM,11.0,1,263.0,263.0,287.0,304.0,,False
VER,Red Bull Racing,20.0,1:19:623,0:23:443,0:32:151,0:24:029,MEDIUM,12.0,1,261.0,271.0,275.0,324.0,,False
VER,Red Bull Racing,21.0,1:19:630,0:23:758,0:31:871,0:24:001,MEDIUM,13.0,1,264.0,267.0,276.0,301.0,,False
VER,Red Bull Racing,22.0,1:23:402,0:23:733,0:32:040,0:27:629,MEDIUM,14.0,1,261.0,266.0,,302.0,,False
VER,Red Bull Racing,23.0,1:40:751,0:43:150,0:32:332,0:25:269,SOFT,4.0,1,250.0,250.0,276.0,248.0,,False
VER,Red Bull Racing,24.0,1:19:170,0:23:756,0:31:784,0:23:630,SOFT,5.0,1,255.0,264.0,286.0,302.0,,False
VER,Red Bull Racing,25.0,1:19:103,0:23:666,0:31:828,0:23:609,SOFT,6.0,1,260.0,262.0,279.0,328.0,,False
VER,Red Bull Racing,26.0,1:19:480,0:23:700,0:31:868,0:23:912,SOFT,7.0,1,,262.0,276.0,302.0,,False
VER,Red Bull Racing,27.0,1:19:472,0:23:753,0:31:789,0:23:930,SOFT,8.0,1,259.0,264.0,276.0,303.0,,False
VER,Red Bull Racing,28.0,1:19:583,0:23:777,0:31:858,0:23:948,SOFT,9.0,1,258.0,266.0,276.0,,,False
VER,Red Bull Racing,29.0,1:25:581,0:23:675,0:31:923,0:29:983,SOFT,10.0,1,260.0,257.0,275.0,,,False
VER,Red Bull Racing,30.0,1:19:426,0:23:707,0:31:784,0:23:935,SOFT,11.0,1,256.0,263.0,276.0,301.0,,False
VER,Red Bull Racing,31.0,1:19:456,0:23:632,0:31:853,0:23:971,SOFT,12.0,1,258.0,266.0,278.0,302.0,,False
VER,Red Bull Racing,32.0,1:18:679,0:23:421,0:31:570,0:23:688,SOFT,13.0,1,264.0,268.0,280.0,303.0,,False
VER,Red Bull Racing,33.0,,0:40:421,1:11:806,0:51:088,SOFT,14.0,1,112.0,87.0,47.0,188.0,,False
VER,Red Bull Racing,34.0,1:53:863,0:51:539,0:33:970,0:28:354,SOFT,15.0,1,221.0,229.0,,272.0,,False
SAR,Williams,1.0,,,0:38:177,0:39:756,TEST_UNKNOWN,1.0,1,216.0,254.0,277.0,210.0,,False
SAR,Williams,2.0,1:18:095,0:23:363,0:31:403,0:23:329,TEST_UNKNOWN,2.0,1,278.0,270.0,286.0,317.0,,True
SAR,Williams,3.0,1:53:811,0:29:483,0:45:098,0:39:230,TEST_UNKNOWN,3.0,1,214.0,236.0,286.0,304.0,,False
SAR,Williams,4.0,1:37:872,0:26:495,0:42:466,0:28:911,TEST_UNKNOWN,4.0,1,239.0,248.0,289.0,325.0,,False
SAR,Williams,5.0,1:16:706,0:22:655,0:30:909,0:23:142,TEST_UNKNOWN,5.0,1,285.0,297.0,293.0,326.0,,True
SAR,Williams,6.0,1:47:880,0:28:964,0:45:280,0:33:636,TEST_UNKNOWN,6.0,1,219.0,243.0,285.0,309.0,,False
SAR,Williams,7.0,1:22:881,0:22:771,0:30:960,0:29:150,TEST_UNKNOWN,7.0,1,283.0,298.0,,320.0,,False
SAR,Williams,8.0,,,0:41:265,0:32:297,SOFT,1.0,1,203.0,252.0,285.0,219.0,,False
SAR,Williams,9.0,1:15:415,0:22:482,0:30:188,0:22:745,SOFT,2.0,1,283.0,300.0,289.0,318.0,,True
SAR,Williams,10.0,1:54:679,0:29:507,0:45:682,0:39:490,SOFT,3.0,1,229.0,227.0,,306.0,,False
SAR,Williams,11.0,1:58:878,0:46:704,0:43:999,0:28:175,SOFT,4.0,1,203.0,249.0,286.0,221.0,,False
SAR,Williams,12.0,1:15:556,0:22:368,0:30:320,0:22:868,SOFT,5.0,1,284.0,300.0,288.0,318.0,,False
SAR,Williams,13.0,1:46:245,0:29:346,0:40:596,0:36:303,SOFT,6.0,1,246.0,244.0,,304.0,,False
SAR,Williams,14.0,,,0:33:170,0:24:460,SOFT,7.0,1,266.0,274.0,271.0,232.0,,False
SAR,Williams,15.0,1:21:620,0:24:405,0:32:702,0:24:513,SOFT,8.0,1,264.0,264.0,270.0,295.0,,False
SAR,Williams,16.0,1:21:287,0:24:130,0:32:740,0:24:417,SOFT,9.0,1,265.0,266.0,271.0,296.0,,False
SAR,Williams,17.0,1:21:646,0:24:300,0:32:915,0:24:431,SOFT,10.0,1,266.0,266.0,271.0,297.0,,False
SAR,Williams,18.0,1:22:260,0:24:836,0:32:875,0:24:549,SOFT,11.0,1,,265.0,272.0,301.0,,False
SAR,Williams,19.0,1:21:581,0:24:071,0:32:984,0:24:526,SOFT,12.0,1,267.0,265.0,271.0,302.0,,False
SAR,Williams,20.0,1:21:458,0:24:223,0:32:695,0:24:540,SOFT,13.0,1,266.0,268.0,271.0,301.0,,False
SAR,Williams,21.0,1:21:308,0:24:068,0:32:788,0:24:452,SOFT,14.0,1,269.0,270.0,270.0,303.0,,False
SAR,Williams,22.0,1:25:327,0:24:058,0:32:862,0:28:407,SOFT,15.0,1,267.0,272.0,,301.0,,False
SAR,Williams,23.0,1:43:010,0:45:594,0:33:012,0:24:404,MEDIUM,1.0,1,251.0,264.0,271.0,247.0,,False
SAR,Williams,24.0,1:20:406,0:23:974,0:32:365,0:24:067,MEDIUM,2.0,1,267.0,281.0,281.0,302.0,,False
SAR,Williams,25.0,1:21:587,0:24:606,0:32:651,0:24:330,MEDIUM,3.0,1,262.0,263.0,282.0,327.0,,False
SAR,Williams,26.0,1:22:398,0:23:707,0:34:305,0:24:386,MEDIUM,4.0,1,,263.0,273.0,,,False
SAR,Williams,27.0,1:20:858,0:23:934,0:32:652,0:24:272,MEDIUM,5.0,1,268.0,270.0,273.0,302.0,,False
SAR,Williams,28.0,1:20:793,0:23:909,0:32:541,0:24:343,MEDIUM,6.0,1,269.0,272.0,273.0,,,False
SAR,Williams,29.0,1:20:581,0:23:918,0:32:449,0:24:214,MEDIUM,7.0,1,271.0,270.0,273.0,300.0,,False
SAR,Williams,30.0,1:20:581,0:23:893,0:32:393,0:24:295,MEDIUM,8.0,1,,271.0,274.0,301.0,,False
SAR,Williams,31.0,1:20:387,0:23:828,0:32:351,0:24:208,MEDIUM,9.0,1,270.0,271.0,274.0,,,False
SAR,Williams,32.0,1:58:216,0:30:479,0:43:058,0:44:679,MEDIUM,10.0,1,153.0,172.0,38.0,285.0,,False
SAR,Williams,33.0,2:01:228,0:50:845,0:40:361,0:30:022,MEDIUM,11.0,1,188.0,253.0,,256.0,,False
NOR,McLaren,1.0,,,0:38:414,0:40:160,MEDIUM,1.0,1,187.0,239.0,283.0,238.0,,False
NOR,McLaren,2.0,1:16:594,0:22:817,0:30:550,0:23:227,MEDIUM,2.0,1,277.0,291.0,289.0,317.0,,True
NOR,McLaren,3.0,2:14:923,0:43:973,0:56:679,0:34:271,MEDIUM,3.0,1,114.0,113.0,288.0,183.0,,False
NOR,McLaren,4.0,1:15:926,0:22:449,0:30:575,0:22:902,MEDIUM,4.0,1,280.0,300.0,287.0,320.0,,True
NOR,McLaren,5.0,2:15:943,0:38:348,1:05:185,0:32:410,MEDIUM,5.0,1,116.0,130.0,284.0,234.0,,False
NOR,McLaren,6.0,1:15:997,0:22:594,0:30:490,0:22:913,MEDIUM,6.0,1,280.0,300.0,287.0,314.0,,False
NOR,McLaren,7.0,1:33:894,0:25:814,0:39:495,0:28:585,MEDIUM,7.0,1,213.0,231.0,,276.0,,False
NOR,McLaren,8.0,,,0:42:026,0:29:669,SOFT,1.0,1,201.0,203.0,289.0,186.0,,False
NOR,McLaren,9.0,1:22:011,0:22:063,0:29:598,0:30:350,SOFT,2.0,1,284.0,300.0,171.0,319.0,,False
NOR,McLaren,10.0,2:15:273,0:40:412,0:57:259,0:37:602,SOFT,3.0,1,165.0,76.0,164.0,176.0,,False
NOR,McLaren,11.0,1:50:914,0:38:909,0:40:419,0:31:586,SOFT,4.0,1,200.0,227.0,287.0,157.0,,False
NOR,McLaren,12.0,1:14:694,0:22:263,0:29:884,0:22:547,SOFT,5.0,1,278.0,298.0,289.0,316.0,,True
NOR,McLaren,13.0,1:42:901,0:33:102,0:39:700,0:30:099,SOFT,6.0,1,208.0,225.0,,278.0,,False
NOR,McLaren,14.0,,,0:33:003,0:24:387,MEDIUM,8.0,1,258.0,258.0,269.0,232.0,,False
NOR,McLaren,15.0,1:20:769,0:24:276,0:32:388,0:24:105,MEDIUM,9.0,1,266.0,268.0,270.0,293.0,,False
NOR,McLaren,16.0,1:21:004,0:24:286,0:32:459,0:24:259,MEDIUM,10.0,1,261.0,268.0,272.0,294.0,,False
NOR,McLaren,17.0,1:24:569,0:24:255,0:32:563,0:27:751,MEDIUM,11.0,1,263.0,278.0,,298.0,,False
NOR,McLaren,18.0,1:39:687,0:43:669,0:32:328,0:23:690,TEST_UNKNOWN,1.0,1,262.0,271.0,272.0,243.0,,False
NOR,McLaren,19.0,1:19:571,0:23:977,0:31:834,0:23:760,TEST_UNKNOWN,2.0,1,265.0,274.0,273.0,296.0,,False
NOR,McLaren,20.0,1:19:809,0:23:820,0:32:018,0:23:971,TEST_UNKNOWN,3.0,1,263.0,272.0,275.0,297.0,,False
NOR,McLaren,21.0,1:19:627,0:23:770,0:31:974,0:23:883,TEST_UNKNOWN,4.0,1,266.0,272.0,273.0,298.0,,False
NOR,McLaren,22.0,1:20:481,0:23:977,0:32:322,0:24:182,TEST_UNKNOWN,5.0,1,265.0,271.0,275.0,300.0,,False
NOR,McLaren,23.0,1:20:420,0:24:030,0:32:218,0:24:172,TEST_UNKNOWN,6.0,1,262.0,276.0,275.0,301.0,,False
NOR,McLaren,24.0,1:21:016,0:24:067,0:32:707,0:24:242,TEST_UNKNOWN,7.0,1,263.0,267.0,275.0,302.0,,False
NOR,McLaren,25.0,1:20:606,0:23:924,0:32:502,0:24:180,TEST_UNKNOWN,8.0,1,264.0,273.0,275.0,,,False
NOR,McLaren,26.0,1:20:600,0:23:770,0:32:477,0:24:353,TEST_UNKNOWN,9.0,1,262.0,267.0,274.0,303.0,,False
NOR,McLaren,27.0,1:21:116,0:23:725,0:32:760,0:24:631,TEST_UNKNOWN,10.0,1,261.0,275.0,274.0,322.0,,False
NOR,McLaren,28.0,1:21:140,0:23:832,0:32:813,0:24:495,TEST_UNKNOWN,11.0,1,260.0,273.0,282.0,,,False
NOR,McLaren,29.0,1:46:704,0:29:272,0:39:129,0:38:303,TEST_UNKNOWN,12.0,1,188.0,211.0,76.0,230.0,,False
NOR,McLaren,30.0,1:53:120,0:50:401,0:33:809,0:28:910,TEST_UNKNOWN,13.0,1,258.0,238.0,,272.0,,False
GAS,Alpine,1.0,,,0:35:111,0:28:652,HARD,1.0,1,202.0,240.0,285.0,217.0,,False
GAS,Alpine,2.0,1:16:657,0:22:903,0:30:693,0:23:061,HARD,2.0,1,284.0,295.0,289.0,322.0,,True
GAS,Alpine,3.0,1:55:211,0:31:618,0:45:775,0:37:818,HARD,3.0,1,183.0,224.0,287.0,307.0,,False
GAS,Alpine,4.0,1:16:622,0:22:652,0:30:731,0:23:239,HARD,4.0,1,285.0,294.0,289.0,327.0,,True
GAS,Alpine,5.0,2:06:326,0:38:069,0:51:133,0:37:124,HARD,5.0,1,120.0,106.0,285.0,305.0,,False
GAS,Alpine,6.0,1:17:306,0:22:758,0:31:017,0:23:531,HARD,6.0,1,287.0,281.0,287.0,322.0,,False
GAS,Alpine,7.0,1:37:703,0:27:497,0:39:592,0:30:614,HARD,7.0,1,216.0,182.0,,298.0,,False
GAS,Alpine,8.0,,,0:43:608,0:28:128,SOFT,1.0,1,159.0,249.0,288.0,96.0,,False
GAS,Alpine,9.0,1:14:457,0:22:241,0:29:719,0:22:497,SOFT,2.0,1,287.0,299.0,289.0,318.0,,True
GAS,Alpine,10.0,2:25:654,0:36:719,1:02:574,0:46:361,SOFT,3.0,1,109.0,118.0,,302.0,,False
GAS,Alpine,11.0,2:18:911,0:57:037,0:52:539,0:29:335,SOFT,4.0,1,152.0,239.0,290.0,113.0,,False
GAS,Alpine,12.0,1:14:743,0:22:212,0:30:021,0:22:510,SOFT,5.0,1,287.0,300.0,290.0,322.0,,False
GAS,Alpine,13.0,1:33:900,0:26:940,0:36:828,0:30:132,SOFT,6.0,1,239.0,262.0,,301.0,,False
GAS,Alpine,14.0,,,0:35:761,0:24:848,SOFT,7.0,1,236.0,264.0,273.0,235.0,,False
GAS,Alpine,15.0,1:20:367,0:24:021,0:32:300,0:24:046,SOFT,8.0,1,268.0,262.0,275.0,301.0,,False
GAS,Alpine,16.0,1:20:365,0:23:937,0:32:201,0:24:227,SOFT,9.0,1,269.0,265.0,274.0,305.0,,False
GAS,Alpine,17.0,1:20:237,0:23:839,0:32:190,0:24:208,SOFT,10.0,1,271.0,263.0,275.0,307.0,,False
GAS,Alpine,18.0,1:20:331,0:23:831,0:32:284,0:24:216,SOFT,11.0,1,,263.0,275.0,306.0,,False
GAS,Alpine,19.0,1:20:139,0:23:847,0:32:158,0:24:134,SOFT,12.0,1,269.0,262.0,275.0,307.0,,False
GAS,Alpine,20.0,1:20:538,0:23:890,0:32:235,0:24:413,SOFT,13.0,1,271.0,268.0,278.0,308.0,,False
GAS,Alpine,21.0,1:21:481,0:23:971,0:32:773,0:24:737,SOFT,14.0,1,266.0,266.0,270.0,332.0,,False
GAS,Alpine,22.0,1:20:907,0:24:203,0:32:341,0:24:363,SOFT,15.0,1,269.0,271.0,276.0,309.0,,False
GAS,Alpine,23.0,1:20:632,0:23:827,0:32:420,0:24:385,SOFT,16.0,1,270.0,263.0,274.0,310.0,,False
GAS,Alpine,24.0,1:20:811,0:23:898,0:32:489,0:24:424,SOFT,17.0,1,268.0,262.0,274.0,309.0,,False
GAS,Alpine,25.0,1:21:047,0:23:939,0:32:663,0:24:445,SOFT,18.0,1,267.0,263.0,274.0,,,False
GAS,Alpine,26.0,1:21:278,0:23:946,0:32:674,0:24:658,SOFT,19.0,1,,265.0,275.0,308.0,,False
GAS,Alpine,27.0,1:21:242,0:23:999,0:32:727,0:24:516,SOFT,20.0,1,266.0,265.0,274.0,309.0,,False
GAS,Alpine,28.0,2:01:446,0:30:525,0:43:383,0:47:538,SOFT,21.0,1,162.0,205.0,49.0,267.0,,False
GAS,Alpine,29.0,2:03:759,0:54:602,0:37:306,0:31:851,SOFT,22.0,1,239.0,208.0,,282.0,,False
PER,Red Bull Racing,1.0,,,0:39:554,0:46:918,TEST_UNKNOWN,1.0,1,211.0,191.0,280.0,212.0,,False
PER,Red Bull Racing,2.0,1:36:067,0:22:927,0:40:571,0:32:569,TEST_UNKNOWN,2.0,1,282.0,182.0,247.0,326.0,,True
PER,Red Bull Racing,3.0,1:56:090,0:30:379,0:49:371,0:36:340,TEST_UNKNOWN,3.0,1,161.0,95.0,283.0,277.0,,False
PER,Red Bull Racing,4.0,1:16:982,0:22:740,0:31:065,0:23:177,TEST_UNKNOWN,4.0,1,284.0,297.0,288.0,324.0,,True
PER,Red Bull Racing,5.0,1:32:805,0:28:310,0:35:612,0:28:883,TEST_UNKNOWN,5.0,1,155.0,242.0,,269.0,,False
PER,Red Bull Racing,6.0,2:03:461,0:55:894,0:39:288,0:28:279,MEDIUM,1.0,1,209.0,249.0,282.0,170.0,,False
PER,Red Bull Racing,7.0,1:15:524,0:22:542,0:30:224,0:22:758,MEDIUM,2.0,1,286.0,296.0,289.0,321.0,,True
PER,Red Bull Racing,8.0,1:53:753,0:31:247,0:46:188,0:36:318,MEDIUM,3.0,1,164.0,153.0,170.0,224.0,,False
PER,Red Bull Racing,9.0,1:52:372,0:35:651,0:48:086,0:28:635,MEDIUM,4.0,1,181.0,239.0,286.0,200.0,,False
PER,Red Bull Racing,10.0,1:15:529,0:22:459,0:30:298,0:22:772,MEDIUM,5.0,1,286.0,303.0,289.0,322.0,,False
PER,Red Bull Racing,11.0,1:31:542,0:26:164,0:35:351,0:30:027,MEDIUM,6.0,1,239.0,237.0,,271.0,,False
PER,Red Bull Racing,12.0,,,0:41:214,0:32:269,SOFT,1.0,1,186.0,249.0,288.0,195.0,,False
PER,Red Bull Racing,13.0,1:14:219,0:22:137,0:29:751,0:22:331,SOFT,2.0,1,286.0,306.0,290.0,323.0,,True
PER,Red Bull Racing,14.0,1:28:563,0:24:547,0:35:426,0:28:590,SOFT,3.0,1,231.0,269.0,,304.0,,False
PER,Red Bull Racing,15.0,,,0:32:964,0:24:523,SOFT,4.0,1,245.0,248.0,275.0,224.0,,False
PER,Red Bull Racing,16.0,1:20:625,0:24:511,0:32:344,0:23:770,SOFT,5.0,1,257.0,265.0,284.0,298.0,,False
PER,Red Bull Racing,17.0,1:24:451,0:24:579,0:33:399,0:26:473,SOFT,6.0,1,254.0,257.0,273.0,329.0,,False
PER,Red Bull Racing,18.0,1:19:572,0:23:770,0:32:039,0:23:763,SOFT,7.0,1,258.0,265.0,275.0,301.0,,False
PER,Red Bull Racing,19.0,1:19:876,0:23:831,0:32:245,0:23:800,SOFT,8.0,1,257.0,264.0,276.0,302.0,,False
PER,Red Bull Racing,20.0,1:20:327,0:23:873,0:32:406,0:24:048,SOFT,9.0,1,258.0,262.0,276.0,303.0,,False
PER,Red Bull Racing,21.0,1:20:959,0:24:076,0:32:712,0:24:171,SOFT,10.0,1,256.0,263.0,276.0,305.0,,False
PER,Red Bull Racing,22.0,1:21:009,0:23:975,0:32:659,0:24:375,SOFT,11.0,1,251.0,260.0,276.0,306.0,,False
PER,Red Bull Racing,23.0,1:25:967,0:24:022,0:36:052,0:25:893,SOFT,12.0,1,,241.0,274.0,305.0,,False
PER,Red Bull Racing,24.0,1:20:530,0:23:992,0:32:406,0:24:132,SOFT,13.0,1,259.0,265.0,274.0,301.0,,False
PER,Red Bull Racing,25.0,1:20:665,0:24:053,0:32:498,0:24:114,SOFT,14.0,1,252.0,267.0,275.0,302.0,,False
PER,Red Bull Racing,26.0,1:21:007,0:24:001,0:32:606,0:24:400,SOFT,15.0,1,257.0,264.0,276.0,304.0,,False
PER,Red Bull Racing,27.0,1:24:812,0:24:010,0:32:761,0:28:041,SOFT,16.0,1,254.0,278.0,,306.0,,False
PER,Red Bull Racing,28.0,1:39:215,0:43:008,0:32:474,0:23:733,MEDIUM,7.0,1,260.0,270.0,276.0,246.0,,False
PER,Red Bull Racing,29.0,2:27:608,0:34:548,0:48:110,1:04:950,MEDIUM,8.0,1,148.0,168.0,4.0,198.0,,False
PER,Red Bull Racing,30.0,1:38:114,0:30:600,0:37:078,0:30:436,MEDIUM,9.0,1,210.0,207.0,,286.0,,False
ALO,Aston Martin,1.0,,,0:35:314,0:27:863,TEST_UNKNOWN,1.0,1,247.0,189.0,271.0,209.0,,False
ALO,Aston Martin,2.0,1:17:793,0:23:691,0:30:908,0:23:194,TEST_UNKNOWN,2.0,1,275.0,282.0,278.0,292.0,,True
ALO,Aston Martin,3.0,1:17:245,0:23:252,0:30:850,0:23:143,TEST_UNKNOWN,3.0,1,,278.0,280.0,299.0,,True
ALO,Aston Martin,4.0,1:17:364,0:23:192,0:30:909,0:23:263,TEST_UNKNOWN,4.0,1,276.0,283.0,283.0,301.0,,False
ALO,Aston Martin,5.0,1:18:107,0:23:007,0:31:603,0:23:497,TEST_UNKNOWN,5.0,1,,283.0,280.0,308.0,,False
ALO,Aston Martin,6.0,1:22:191,0:23:321,0:31:787,0:27:083,TEST_UNKNOWN,6.0,1,273.0,252.0,,304.0,,False
ALO,Aston Martin,7.0,2:02:689,0:53:040,0:38:421,0:31:228,MEDIUM,1.0,1,114.0,237.0,283.0,246.0,,False
ALO,Aston Martin,8.0,1:15:691,0:22:628,0:30:278,0:22:785,MEDIUM,2.0,1,282.0,303.0,287.0,316.0,,True
ALO,Aston Martin,9.0,1:54:900,0:36:198,0:49:506,0:29:196,MEDIUM,3.0,1,148.0,225.0,282.0,186.0,,False
ALO,Aston Martin,10.0,1:15:373,0:22:546,0:30:162,0:22:665,MEDIUM,4.0,1,284.0,300.0,289.0,313.0,,True
ALO,Aston Martin,11.0,2:01:025,0:39:849,0:49:210,0:31:966,MEDIUM,5.0,1,162.0,242.0,284.0,165.0,,False
ALO,Aston Martin,12.0,1:15:848,0:22:475,0:30:122,0:23:251,MEDIUM,6.0,1,284.0,299.0,279.0,318.0,,False
ALO,Aston Martin,13.0,1:31:081,0:27:189,0:33:175,0:30:717,MEDIUM,7.0,1,234.0,220.0,,287.0,,False
ALO,Aston Martin,14.0,,,0:43:045,0:26:576,SOFT,1.0,1,187.0,238.0,288.0,208.0,,False
ALO,Aston Martin,15.0,1:14:077,0:22:179,0:29:587,0:22:311,SOFT,2.0,1,285.0,295.0,289.0,316.0,,True
ALO,Aston Martin,16.0,2:18:031,0:51:738,0:52:425,0:33:868,SOFT,3.0,1,52.0,229.0,290.0,133.0,,False
ALO,Aston Martin,17.0,1:14:261,0:22:021,0:29:792,0:22:448,SOFT,4.0,1,285.0,297.0,287.0,322.0,,False
ALO,Aston Martin,18.0,1:45:089,0:28:959,0:40:375,0:35:755,SOFT,5.0,1,219.0,160.0,,253.0,,False
ALO,Aston Martin,19.0,,,0:33:483,0:24:219,SOFT,6.0,1,255.0,265.0,271.0,235.0,,False
ALO,Aston Martin,20.0,1:20:420,0:24:035,0:32:221,0:24:164,SOFT,7.0,1,269.0,268.0,270.0,298.0,,False
ALO,Aston Martin,21.0,1:23:905,0:24:092,0:32:037,0:27:776,SOFT,8.0,1,266.0,270.0,,296.0,,False
ALO,Aston Martin,22.0,2:19:516,1:15:244,0:35:655,0:28:617,SOFT,9.0,1,219.0,241.0,274.0,243.0,,False
ALO,Aston Martin,23.0,1:19:885,0:23:693,0:32:020,0:24:172,SOFT,10.0,1,268.0,276.0,273.0,299.0,,False
ALO,Aston Martin,24.0,1:20:134,0:23:919,0:32:073,0:24:142,SOFT,11.0,1,272.0,277.0,272.0,300.0,,False
ALO,Aston Martin,25.0,1:23:503,0:24:078,0:32:287,0:27:138,SOFT,12.0,1,267.0,276.0,270.0,301.0,,False
ALO,Aston Martin,26.0,1:21:064,0:24:382,0:32:373,0:24:309,SOFT,13.0,1,,276.0,272.0,299.0,,False
ALO,Aston Martin,27.0,1:19:812,0:23:735,0:31:962,0:24:115,SOFT,14.0,1,273.0,281.0,274.0,,,False
ALO,Aston Martin,28.0,1:20:040,0:23:833,0:32:093,0:24:114,SOFT,15.0,1,271.0,282.0,275.0,301.0,,False
ALO,Aston Martin,29.0,2:00:422,0:32:824,0:43:716,0:43:882,SOFT,16.0,1,193.0,184.0,49.0,197.0,,False
ALO,Aston Martin,30.0,2:02:013,0:54:834,0:32:668,0:34:511,SOFT,17.0,1,265.0,239.0,,283.0,,False
LEC,Ferrari,1.0,,,0:39:906,0:40:737,SOFT,1.0,1,203.0,196.0,276.0,197.0,,False
LEC,Ferrari,2.0,1:15:600,0:22:751,0:30:214,0:22:635,SOFT,2.0,1,282.0,298.0,289.0,318.0,,True
LEC,Ferrari,3.0,2:17:688,0:42:737,0:56:373,0:38:578,SOFT,3.0,1,133.0,132.0,,209.0,,False
LEC,Ferrari,4.0,,1:10:970,0:45:480,0:33:609,SOFT,4.0,1,193.0,166.0,287.0,218.0,,False
LEC,Ferrari,5.0,1:15:222,0:22:527,0:30:087,0:22:608,SOFT,5.0,1,285.0,302.0,292.0,321.0,,True
LEC,Ferrari,6.0,1:44:232,0:27:551,0:42:132,0:34:549,SOFT,6.0,1,178.0,196.0,,305.0,,False
LEC,Ferrari,7.0,,,0:42:202,0:27:596,SOFT,1.0,1,172.0,210.0,288.0,177.0,,False
LEC,Ferrari,8.0,1:14:246,0:22:288,0:29:622,0:22:336,SOFT,2.0,1,286.0,302.0,294.0,321.0,,True
LEC,Ferrari,9.0,1:49:165,0:32:982,0:43:697,0:32:486,SOFT,3.0,1,150.0,202.0,,255.0,,False
LEC,Ferrari,10.0,,,0:34:064,0:35:247,TEST_UNKNOWN,1.0,1,248.0,234.0,268.0,231.0,,False
LEC,Ferrari,11.0,1:21:089,0:24:279,0:32:514,0:24:296,TEST_UNKNOWN,2.0,1,263.0,264.0,272.0,299.0,,False
LEC,Ferrari,12.0,1:20:147,0:24:251,0:32:106,0:23:790,TEST_UNKNOWN,3.0,1,268.0,275.0,274.0,298.0,,False
LEC,Ferrari,13.0,1:20:256,0:24:215,0:32:071,0:23:970,TEST_UNKNOWN,4.0,1,,273.0,274.0,,,False
LEC,Ferrari,14.0,1:19:940,0:23:965,0:31:960,0:24:015,TEST_UNKNOWN,5.0,1,272.0,277.0,275.0,301.0,,False
LEC,Ferrari,15.0,1:20:126,0:24:032,0:32:010,0:24:084,TEST_UNKNOWN,6.0,1,269.0,273.0,278.0,302.0,,False
LEC,Ferrari,16.0,1:20:777,0:23:789,0:32:503,0:24:485,TEST_UNKNOWN,7.0,1,270.0,272.0,283.0,321.0,,False
LEC,Ferrari,17.0,1:23:975,0:23:748,0:32:186,0:28:041,TEST_UNKNOWN,8.0,1,269.0,276.0,,326.0,,False
LEC,Ferrari,18.0,1:46:633,0:46:337,0:35:573,0:24:723,SOFT,7.0,1,192.0,259.0,271.0,247.0,,False
LEC,Ferrari,19.0,1:20:225,0:24:152,0:32:143,0:23:930,SOFT,8.0,1,263.0,274.0,273.0,300.0,,False
LEC,Ferrari,20.0,1:19:769,0:23:779,0:32:019,0:23:971,SOFT,9.0,1,270.0,277.0,274.0,303.0,,False
LEC,Ferrari,21.0,1:20:305,0:23:853,0:32:214,0:24:238,SOFT,10.0,1,272.0,273.0,282.0,,,False
LEC,Ferrari,22.0,1:19:844,0:23:697,0:32:018,0:24:129,SOFT,11.0,1,266.0,274.0,273.0,322.0,,False
LEC,Ferrari,23.0,1:20:019,0:23:908,0:32:094,0:24:017,SOFT,12.0,1,272.0,277.0,273.0,302.0,,False
LEC,Ferrari,24.0,1:19:881,0:23:855,0:31:934,0:24:092,SOFT,13.0,1,269.0,277.0,274.0,,,False
LEC,Ferrari,25.0,1:19:998,0:23:859,0:32:013,0:24:126,SOFT,14.0,1,272.0,277.0,273.0,303.0,,False
LEC,Ferrari,26.0,1:20:439,0:23:820,0:32:298,0:24:321,SOFT,15.0,1,270.0,274.0,273.0,,,False
LEC,Ferrari,27.0,1:20:763,0:23:964,0:32:446,0:24:353,SOFT,16.0,1,269.0,276.0,272.0,,,False
LEC,Ferrari,28.0,1:20:641,0:23:984,0:32:329,0:24:328,SOFT,17.0,1,264.0,277.0,273.0,,,False
LEC,Ferrari,29.0,1:20:730,0:23:969,0:32:432,0:24:329,SOFT,18.0,1,268.0,272.0,273.0,,,False
LEC,Ferrari,30.0,1:20:687,0:23:973,0:32:399,0:24:315,SOFT,19.0,1,266.0,275.0,279.0,,,False
LEC,Ferrari,31.0,1:58:809,0:31:175,0:44:254,0:43:380,SOFT,20.0,1,158.0,148.0,60.0,292.0,,False
LEC,Ferrari,32.0,2:06:546,0:52:347,0:45:333,0:28:866,SOFT,21.0,1,251.0,236.0,,286.0,,False
STR,Aston Martin,1.0,,,0:41:752,0:47:484,TEST_UNKNOWN,5.0,1,231.0,169.0,264.0,230.0,,False
STR,Aston Martin,2.0,1:19:627,0:24:087,0:31:695,0:23:845,TEST_UNKNOWN,6.0,1,267.0,278.0,271.0,295.0,,True
STR,Aston Martin,3.0,1:19:073,0:23:884,0:31:408,0:23:781,TEST_UNKNOWN,7.0,1,276.0,284.0,272.0,,,True
STR,Aston Martin,4.0,1:18:977,0:23:594,0:31:617,0:23:766,TEST_UNKNOWN,8.0,1,279.0,284.0,274.0,299.0,,True
STR,Aston Martin,5.0,1:18:827,0:23:503,0:31:458,0:23:866,TEST_UNKNOWN,9.0,1,280.0,282.0,274.0,298.0,,True
STR,Aston Martin,6.0,1:25:051,0:24:166,0:32:017,0:28:868,TEST_UNKNOWN,10.0,1,266.0,265.0,,,,False
STR,Aston Martin,7.0,1:49:407,0:45:680,0:37:743,0:25:984,MEDIUM,1.0,1,253.0,173.0,281.0,241.0,,False
STR,Aston Martin,8.0,1:15:890,0:22:517,0:30:406,0:22:967,MEDIUM,2.0,1,284.0,300.0,283.0,316.0,,True
STR,Aston Martin,9.0,2:05:219,0:38:982,0:58:733,0:27:504,MEDIUM,3.0,1,131.0,212.0,279.0,223.0,,False
STR,Aston Martin,10.0,1:16:077,0:22:709,0:30:374,0:22:994,MEDIUM,4.0,1,279.0,296.0,285.0,313.0,,False
STR,Aston Martin,11.0,2:13:481,0:41:951,1:03:384,0:28:146,MEDIUM,5.0,1,66.0,230.0,280.0,247.0,,False
STR,Aston Martin,12.0,1:15:779,0:22:670,0:30:242,0:22:867,MEDIUM,6.0,1,280.0,297.0,285.0,313.0,,True
STR,Aston Martin,13.0,1:32:418,0:26:120,0:34:763,0:31:535,MEDIUM,7.0,1,187.0,236.0,,284.0,,False
STR,Aston Martin,14.0,,,0:43:350,0:28:470,SOFT,1.0,1,192.0,232.0,281.0,221.0,,False
STR,Aston Martin,15.0,1:15:010,0:22:463,0:29:975,0:22:572,SOFT,2.0,1,281.0,295.0,287.0,315.0,,True
STR,Aston Martin,16.0,2:22:348,0:39:254,1:04:195,0:38:899,SOFT,3.0,1,128.0,144.0,120.0,197.0,,False
STR,Aston Martin,17.0,1:45:750,0:42:488,0:37:554,0:25:708,SOFT,4.0,1,167.0,257.0,283.0,121.0,,False
STR,Aston Martin,18.0,1:15:093,0:22:379,0:30:014,0:22:700,SOFT,5.0,1,284.0,294.0,285.0,316.0,,False
STR,Aston Martin,19.0,1:27:810,0:25:379,0:32:376,0:30:055,SOFT,6.0,1,237.0,225.0,,253.0,,False
STR,Aston Martin,20.0,,,0:32:205,0:24:057,SOFT,7.0,1,265.0,269.0,270.0,233.0,,False
STR,Aston Martin,21.0,1:19:383,0:23:782,0:31:775,0:23:826,SOFT,8.0,1,267.0,269.0,272.0,295.0,,False
STR,Aston Martin,22.0,1:20:369,0:23:832,0:32:455,0:24:082,SOFT,9.0,1,253.0,256.0,272.0,298.0,,False
STR,Aston Martin,23.0,1:20:603,0:24:095,0:32:406,0:24:102,SOFT,10.0,1,259.0,266.0,271.0,299.0,,False
STR,Aston Martin,24.0,1:20:391,0:23:963,0:32:162,0:24:266,SOFT,11.0,1,262.0,264.0,271.0,,,False
STR,Aston Martin,25.0,1:20:409,0:23:980,0:32:232,0:24:197,SOFT,12.0,1,265.0,262.0,272.0,,,False
STR,Aston Martin,26.0,1:20:810,0:24:183,0:32:371,0:24:256,SOFT,13.0,1,262.0,259.0,271.0,298.0,,False
STR,Aston Martin,27.0,1:20:613,0:24:055,0:32:355,0:24:203,SOFT,14.0,1,267.0,258.0,273.0,,,False
STR,Aston Martin,28.0,1:21:109,0:24:006,0:32:529,0:24:574,SOFT,15.0,1,271.0,274.0,271.0,299.0,,False
STR,Aston Martin,29.0,1:20:913,0:23:997,0:32:423,0:24:493,SOFT,16.0,1,266.0,278.0,272.0,298.0,,False
STR,Aston Martin,30.0,1:53:502,0:30:275,0:39:755,0:43:472,SOFT,17.0,1,165.0,164.0,44.0,251.0,,False
STR,Aston Martin,31.0,2:09:931,0:57:699,0:34:930,0:37:302,SOFT,18.0,1,228.0,182.0,,278.0,,False
MAG,Haas F1 Team,1.0,,,0:37:824,0:35:682,MEDIUM,1.0,1,209.0,108.0,285.0,225.0,,False
MAG,Haas F1 Team,2.0,1:16:533,0:22:637,0:30:695,0:23:201,MEDIUM,2.0,1,283.0,296.0,286.0,322.0,,True
MAG,Haas F1 Team,3.0,1:58:586,0:34:726,0:46:846,0:37:014,MEDIUM,3.0,1,162.0,238.0,224.0,211.0,,False
MAG,Haas F1 Team,4.0,1:53:511,0:39:429,0:48:336,0:25:746,MEDIUM,4.0,1,69.0,223.0,284.0,248.0,,False
MAG,Haas F1 Team,5.0,1:16:539,0:22:700,0:30:709,0:23:130,MEDIUM,5.0,1,283.0,298.0,289.0,321.0,,False
MAG,Haas F1 Team,6.0,1:41:512,0:31:918,0:39:541,0:30:053,MEDIUM,6.0,1,242.0,198.0,,204.0,,False
MAG,Haas F1 Team,7.0,,,0:52:036,0:39:194,SOFT,1.0,1,176.0,94.0,289.0,241.0,,False
MAG,Haas F1 Team,8.0,1:14:713,0:22:265,0:29:866,0:22:582,SOFT,2.0,1,286.0,305.0,291.0,321.0,,True
MAG,Haas F1 Team,9.0,2:07:874,0:35:197,0:55:842,0:36:835,SOFT,3.0,1,134.0,150.0,248.0,295.0,,False
MAG,Haas F1 Team,10.0,2:05:126,0:39:068,0:50:205,0:35:853,SOFT,4.0,1,130.0,171.0,289.0,200.0,,False
MAG,Haas F1 Team,11.0,1:15:157,0:22:343,0:30:117,0:22:697,SOFT,5.0,1,284.0,302.0,293.0,326.0,,False
MAG,Haas F1 Team,12.0,1:32:049,0:25:537,0:35:913,0:30:599,SOFT,6.0,1,243.0,198.0,,311.0,,False
MAG,Haas F1 Team,13.0,,,0:33:627,0:25:214,MEDIUM,7.0,1,247.0,258.0,270.0,237.0,,False
MAG,Haas F1 Team,14.0,1:22:484,0:24:657,0:32:901,0:24:926,MEDIUM,8.0,1,261.0,260.0,268.0,299.0,,False
MAG,Haas F1 Team,15.0,1:22:638,0:24:499,0:33:476,0:24:663,MEDIUM,9.0,1,258.0,265.0,272.0,298.0,,False
MAG,Haas F1 Team,16.0,1:21:068,0:24:074,0:32:398,0:24:596,MEDIUM,10.0,1,271.0,269.0,272.0,304.0,,False
MAG,Haas F1 Team,17.0,1:20:688,0:23:990,0:32:295,0:24:403,MEDIUM,11.0,1,275.0,276.0,272.0,,,False
MAG,Haas F1 Team,18.0,1:20:628,0:23:910,0:32:417,0:24:301,MEDIUM,12.0,1,,272.0,270.0,302.0,,False
MAG,Haas F1 Team,19.0,1:20:708,0:23:989,0:32:375,0:24:344,MEDIUM,13.0,1,274.0,279.0,273.0,303.0,,False
MAG,Haas F1 Team,20.0,1:21:046,0:23:965,0:32:568,0:24:513,MEDIUM,14.0,1,275.0,277.0,273.0,306.0,,False
MAG,Haas F1 Team,21.0,1:21:200,0:24:041,0:32:562,0:24:597,MEDIUM,15.0,1,,273.0,273.0,,,False
MAG,Haas F1 Team,22.0,1:21:076,0:23:962,0:32:609,0:24:505,MEDIUM,16.0,1,276.0,281.0,272.0,304.0,,False
MAG,Haas F1 Team,23.0,1:51:558,0:30:655,0:42:415,0:38:488,MEDIUM,17.0,1,191.0,199.0,57.0,292.0,,False
MAG,Haas F1 Team,24.0,1:57:276,0:49:346,0:35:710,0:32:220,MEDIUM,18.0,1,269.0,199.0,,287.0,,False
DEV,AlphaTauri,1.0,,,0:34:681,0:25:867,TEST_UNKNOWN,1.0,1,248.0,262.0,282.0,212.0,,False
DEV,AlphaTauri,2.0,1:17:819,0:23:269,0:31:160,0:23:390,TEST_UNKNOWN,2.0,1,280.0,290.0,288.0,311.0,,True
DEV,AlphaTauri,3.0,1:32:752,0:25:885,0:39:942,0:26:925,TEST_UNKNOWN,3.0,1,209.0,250.0,289.0,316.0,,False
DEV,AlphaTauri,4.0,1:16:666,0:22:659,0:30:780,0:23:227,TEST_UNKNOWN,4.0,1,284.0,299.0,289.0,320.0,,True
DEV,AlphaTauri,5.0,1:38:587,0:28:512,0:43:022,0:27:053,TEST_UNKNOWN,5.0,1,132.0,232.0,287.0,315.0,,False
DEV,AlphaTauri,6.0,1:16:940,0:22:600,0:31:093,0:23:247,TEST_UNKNOWN,6.0,1,286.0,298.0,288.0,321.0,,False
DEV,AlphaTauri,7.0,1:34:829,0:25:180,0:39:404,0:30:245,TEST_UNKNOWN,7.0,1,153.0,229.0,,307.0,,False
DEV,AlphaTauri,8.0,,,0:35:594,0:26:743,MEDIUM,1.0,1,255.0,270.0,285.0,223.0,,False
DEV,AlphaTauri,9.0,1:15:549,0:22:466,0:30:212,0:22:871,MEDIUM,2.0,1,286.0,299.0,288.0,317.0,,True
DEV,AlphaTauri,10.0,1:39:879,0:28:818,0:40:711,0:30:350,MEDIUM,3.0,1,193.0,255.0,241.0,304.0,,False
DEV,AlphaTauri,11.0,1:34:826,0:28:926,0:39:563,0:26:337,MEDIUM,4.0,1,239.0,273.0,288.0,292.0,,False
DEV,AlphaTauri,12.0,1:15:458,0:22:422,0:30:250,0:22:786,MEDIUM,5.0,1,286.0,300.0,289.0,317.0,,True
DEV,AlphaTauri,13.0,1:31:447,0:25:232,0:33:704,0:32:511,MEDIUM,6.0,1,247.0,254.0,,301.0,,False
DEV,AlphaTauri,14.0,,,0:34:861,0:27:969,SOFT,1.0,1,252.0,277.0,287.0,221.0,,False
DEV,AlphaTauri,15.0,1:14:785,0:22:274,0:30:039,0:22:472,SOFT,2.0,1,284.0,302.0,290.0,317.0,,True
DEV,AlphaTauri,16.0,1:46:857,0:31:883,0:44:661,0:30:313,SOFT,3.0,1,162.0,242.0,254.0,253.0,,False
DEV,AlphaTauri,17.0,1:33:548,0:27:934,0:38:965,0:26:649,SOFT,4.0,1,240.0,265.0,286.0,294.0,,False
DEV,AlphaTauri,18.0,1:14:869,0:22:270,0:29:981,0:22:618,SOFT,5.0,1,283.0,301.0,289.0,316.0,,False
DEV,AlphaTauri,19.0,1:31:917,0:27:060,0:34:891,0:29:966,SOFT,6.0,1,230.0,255.0,,303.0,,False
DEV,AlphaTauri,20.0,,,0:33:302,0:24:991,MEDIUM,7.0,1,266.0,259.0,268.0,231.0,,False
DEV,AlphaTauri,21.0,1:22:493,0:24:817,0:33:178,0:24:498,MEDIUM,8.0,1,262.0,269.0,273.0,300.0,,False
DEV,AlphaTauri,22.0,1:22:682,0:25:002,0:33:188,0:24:492,MEDIUM,9.0,1,264.0,269.0,275.0,302.0,,False
DEV,AlphaTauri,23.0,1:20:900,0:24:056,0:32:495,0:24:349,MEDIUM,10.0,1,273.0,269.0,277.0,305.0,,False
DEV,AlphaTauri,24.0,1:20:599,0:23:912,0:32:353,0:24:334,MEDIUM,11.0,1,272.0,275.0,276.0,306.0,,False
DEV,AlphaTauri,25.0,1:20:374,0:23:942,0:32:203,0:24:229,MEDIUM,12.0,1,273.0,279.0,275.0,302.0,,False
DEV,AlphaTauri,26.0,1:21:044,0:24:059,0:32:475,0:24:510,MEDIUM,13.0,1,,270.0,274.0,301.0,,False
DEV,AlphaTauri,27.0,1:20:926,0:24:062,0:32:368,0:24:496,MEDIUM,14.0,1,270.0,271.0,274.0,302.0,,False
DEV,AlphaTauri,28.0,1:21:158,0:24:128,0:32:643,0:24:387,MEDIUM,15.0,1,276.0,282.0,272.0,,,False
DEV,AlphaTauri,29.0,1:25:173,0:24:172,0:32:512,0:28:489,MEDIUM,16.0,1,267.0,271.0,,301.0,,False
DEV,AlphaTauri,30.0,1:40:195,0:43:845,0:32:133,0:24:217,SOFT,7.0,1,268.0,272.0,275.0,246.0,,False
DEV,AlphaTauri,31.0,1:19:512,0:23:771,0:31:790,0:23:951,SOFT,8.0,1,272.0,275.0,274.0,300.0,,False
DEV,AlphaTauri,32.0,1:52:785,0:27:427,0:40:516,0:44:842,SOFT,9.0,1,225.0,234.0,41.0,283.0,,False
DEV,AlphaTauri,33.0,2:01:063,0:58:811,0:32:899,0:29:353,SOFT,10.0,1,262.0,254.0,,276.0,,False
TSU,AlphaTauri,1.0,,,0:34:679,0:35:042,TEST_UNKNOWN,1.0,1,226.0,159.0,282.0,159.0,,False
TSU,AlphaTauri,2.0,1:17:082,0:22:923,0:30:955,0:23:204,TEST_UNKNOWN,2.0,1,282.0,296.0,285.0,314.0,,True
TSU,AlphaTauri,3.0,1:51:014,0:32:547,0:46:392,0:32:075,TEST_UNKNOWN,3.0,1,128.0,219.0,286.0,303.0,,False
TSU,AlphaTauri,4.0,1:16:547,0:22:616,0:30:668,0:23:263,TEST_UNKNOWN,4.0,1,284.0,299.0,286.0,319.0,,True
TSU,AlphaTauri,5.0,1:56:616,0:36:461,0:48:092,0:32:063,TEST_UNKNOWN,5.0,1,75.0,221.0,286.0,195.0,,False
TSU,AlphaTauri,6.0,1:16:967,0:22:612,0:31:045,0:23:310,TEST_UNKNOWN,6.0,1,286.0,299.0,285.0,320.0,,False
TSU,AlphaTauri,7.0,1:34:284,0:27:949,0:35:608,0:30:727,TEST_UNKNOWN,7.0,1,222.0,246.0,,302.0,,False
TSU,AlphaTauri,8.0,,,0:36:690,0:25:463,MEDIUM,1.0,1,225.0,276.0,286.0,186.0,,False
TSU,AlphaTauri,9.0,1:15:632,0:22:451,0:30:313,0:22:868,MEDIUM,2.0,1,286.0,302.0,286.0,314.0,,True
TSU,AlphaTauri,10.0,2:01:264,0:33:530,0:49:009,0:38:725,MEDIUM,3.0,1,141.0,191.0,185.0,297.0,,False
TSU,AlphaTauri,11.0,1:58:396,0:36:740,0:48:138,0:33:518,MEDIUM,4.0,1,124.0,174.0,289.0,264.0,,False
TSU,AlphaTauri,12.0,1:15:569,0:22:422,0:30:262,0:22:885,MEDIUM,5.0,1,286.0,303.0,288.0,320.0,,True
TSU,AlphaTauri,13.0,1:40:941,0:28:782,0:40:532,0:31:627,MEDIUM,6.0,1,226.0,252.0,,302.0,,False
TSU,AlphaTauri,14.0,,,0:42:316,0:34:799,SOFT,1.0,1,116.0,261.0,287.0,184.0,,False
TSU,AlphaTauri,15.0,1:14:840,0:22:333,0:30:022,0:22:485,SOFT,2.0,1,284.0,301.0,288.0,315.0,,True
TSU,AlphaTauri,16.0,2:12:192,0:44:363,0:50:748,0:37:081,SOFT,3.0,1,67.0,224.0,210.0,125.0,,False
TSU,AlphaTauri,17.0,1:59:879,0:35:812,0:52:352,0:31:715,SOFT,4.0,1,147.0,244.0,289.0,266.0,,False
TSU,AlphaTauri,18.0,1:16:113,0:22:464,0:30:640,0:23:009,SOFT,5.0,1,284.0,298.0,284.0,319.0,,False
TSU,AlphaTauri,19.0,1:31:194,0:27:516,0:33:798,0:29:880,SOFT,6.0,1,240.0,257.0,,299.0,,False
TSU,AlphaTauri,20.0,,,0:34:393,0:24:897,SOFT,7.0,1,239.0,266.0,269.0,231.0,,False
TSU,AlphaTauri,21.0,1:21:404,0:24:406,0:32:553,0:24:445,SOFT,8.0,1,265.0,271.0,270.0,289.0,,False
TSU,AlphaTauri,22.0,1:21:455,0:24:364,0:32:716,0:24:375,SOFT,9.0,1,262.0,275.0,269.0,297.0,,False
TSU,AlphaTauri,23.0,1:21:458,0:24:253,0:32:760,0:24:445,SOFT,10.0,1,264.0,270.0,270.0,298.0,,False
TSU,AlphaTauri,24.0,1:22:375,0:25:091,0:32:739,0:24:545,SOFT,11.0,1,258.0,276.0,274.0,300.0,,False
TSU,AlphaTauri,25.0,1:21:140,0:23:955,0:32:787,0:24:398,SOFT,12.0,1,265.0,273.0,273.0,305.0,,False
TSU,AlphaTauri,26.0,1:21:022,0:24:017,0:32:584,0:24:421,SOFT,13.0,1,274.0,276.0,273.0,303.0,,False
TSU,AlphaTauri,27.0,1:21:013,0:24:029,0:32:534,0:24:450,SOFT,14.0,1,265.0,277.0,273.0,302.0,,False
TSU,AlphaTauri,28.0,1:20:717,0:23:959,0:32:377,0:24:381,SOFT,15.0,1,268.0,279.0,274.0,303.0,,False
TSU,AlphaTauri,29.0,1:20:759,0:23:947,0:32:403,0:24:409,SOFT,16.0,1,270.0,277.0,272.0,,,False
TSU,AlphaTauri,30.0,1:21:192,0:23:923,0:32:604,0:24:665,SOFT,17.0,1,,276.0,271.0,304.0,,False
TSU,AlphaTauri,31.0,1:21:548,0:24:155,0:32:768,0:24:625,SOFT,18.0,1,268.0,278.0,271.0,300.0,,False
TSU,AlphaTauri,32.0,1:21:481,0:24:105,0:32:786,0:24:590,SOFT,19.0,1,267.0,278.0,271.0,,,False
TSU,AlphaTauri,33.0,1:44:301,0:27:990,0:35:805,0:40:506,SOFT,20.0,1,218.0,244.0,76.0,301.0,,False
TSU,AlphaTauri,34.0,,0:46:578,0:35:140,1:12:466,SOFT,21.0,1,235.0,204.0,,273.0,,False
ALB,Williams,1.0,,,0:39:962,0:32:907,MEDIUM,1.0,1,230.0,108.0,285.0,228.0,,False
ALB,Williams,2.0,1:16:758,0:22:728,0:30:805,0:23:225,MEDIUM,2.0,1,275.0,286.0,289.0,323.0,,True
ALB,Williams,3.0,1:56:210,0:33:452,0:50:005,0:32:753,MEDIUM,3.0,1,206.0,217.0,289.0,267.0,,False
ALB,Williams,4.0,1:16:416,0:22:552,0:30:748,0:23:116,MEDIUM,4.0,1,281.0,299.0,292.0,324.0,,True
ALB,Williams,5.0,1:59:594,0:33:237,0:46:933,0:39:424,MEDIUM,5.0,1,201.0,214.0,232.0,156.0,,False
ALB,Williams,6.0,1:52:172,0:34:323,0:47:414,0:30:435,MEDIUM,6.0,1,211.0,71.0,283.0,282.0,,False
ALB,Williams,7.0,1:23:025,0:22:769,0:30:817,0:29:439,MEDIUM,7.0,1,281.0,296.0,,319.0,,False
ALB,Williams,8.0,,,0:39:217,0:27:727,SOFT,1.0,1,220.0,241.0,286.0,219.0,,False
ALB,Williams,9.0,1:15:056,0:22:309,0:30:004,0:22:743,SOFT,2.0,1,283.0,296.0,287.0,318.0,,True
ALB,Williams,10.0,1:56:282,0:32:105,0:45:695,0:38:482,SOFT,3.0,1,201.0,221.0,,280.0,,False
ALB,Williams,11.0,2:06:872,0:53:124,0:42:578,0:31:170,SOFT,4.0,1,211.0,209.0,286.0,170.0,,False
ALB,Williams,12.0,1:15:615,0:22:420,0:30:373,0:22:822,SOFT,5.0,1,281.0,302.0,289.0,317.0,,False
ALB,Williams,13.0,1:34:290,0:30:789,0:35:382,0:28:119,SOFT,6.0,1,211.0,240.0,,179.0,,False
ALB,Williams,14.0,,,0:35:034,0:24:767,MEDIUM,8.0,1,243.0,259.0,270.0,231.0,,False
ALB,Williams,15.0,1:21:723,0:24:399,0:32:780,0:24:544,MEDIUM,9.0,1,259.0,263.0,270.0,295.0,,False
ALB,Williams,16.0,1:21:704,0:24:544,0:32:797,0:24:363,MEDIUM,10.0,1,257.0,265.0,272.0,297.0,,False
ALB,Williams,17.0,1:21:545,0:24:387,0:32:650,0:24:508,MEDIUM,11.0,1,258.0,271.0,269.0,300.0,,False
ALB,Williams,18.0,1:24:868,0:24:206,0:32:626,0:28:036,MEDIUM,12.0,1,262.0,272.0,,299.0,,False
ALB,Williams,19.0,1:51:278,0:54:284,0:32:614,0:24:380,TEST_UNKNOWN,1.0,1,248.0,267.0,269.0,241.0,,False
ALB,Williams,20.0,1:20:539,0:24:124,0:32:203,0:24:212,TEST_UNKNOWN,2.0,1,265.0,273.0,270.0,298.0,,False
ALB,Williams,21.0,1:20:558,0:24:171,0:32:190,0:24:197,TEST_UNKNOWN,3.0,1,264.0,275.0,272.0,299.0,,False
ALB,Williams,22.0,1:20:628,0:24:014,0:32:333,0:24:281,TEST_UNKNOWN,4.0,1,,276.0,273.0,304.0,,False
ALB,Williams,23.0,1:20:910,0:24:005,0:32:564,0:24:341,TEST_UNKNOWN,5.0,1,262.0,267.0,271.0,303.0,,False
ALB,Williams,24.0,1:21:522,0:24:517,0:32:600,0:24:405,TEST_UNKNOWN,6.0,1,257.0,266.0,271.0,300.0,,False
ALB,Williams,25.0,1:21:150,0:24:182,0:32:549,0:24:419,TEST_UNKNOWN,7.0,1,260.0,265.0,270.0,299.0,,False
ALB,Williams,26.0,1:22:202,0:24:357,0:33:126,0:24:719,TEST_UNKNOWN,8.0,1,258.0,260.0,270.0,,,False
ALB,Williams,27.0,1:54:040,0:36:213,0:45:245,0:32:582,TEST_UNKNOWN,9.0,1,187.0,230.0,,180.0,,False
ALB,Williams,28.0,1:55:946,0:57:775,0:33:613,0:24:558,MEDIUM,13.0,1,240.0,263.0,273.0,207.0,,False
ALB,Williams,29.0,1:21:211,0:24:174,0:32:590,0:24:447,MEDIUM,14.0,1,259.0,262.0,272.0,302.0,,False
ALB,Williams,30.0,1:21:533,0:24:277,0:32:657,0:24:599,MEDIUM,15.0,1,,270.0,272.0,301.0,,False
ALB,Williams,31.0,1:57:665,0:25:860,0:40:011,0:51:794,MEDIUM,16.0,1,212.0,194.0,68.0,,,False
ALB,Williams,32.0,2:02:547,0:54:646,0:38:174,0:29:727,MEDIUM,17.0,1,199.0,197.0,,277.0,,False
ZHO,Alfa Romeo,1.0,,,0:39:527,0:27:222,MEDIUM,1.0,1,201.0,196.0,278.0,222.0,,False
ZHO,Alfa Romeo,2.0,1:17:596,0:23:195,0:31:042,0:23:359,MEDIUM,2.0,1,275.0,286.0,285.0,313.0,,True
ZHO,Alfa Romeo,3.0,1:45:897,0:35:953,0:42:078,0:27:866,MEDIUM,3.0,1,176.0,193.0,282.0,184.0,,False
ZHO,Alfa Romeo,4.0,1:16:581,0:22:740,0:30:721,0:23:120,MEDIUM,4.0,1,280.0,291.0,288.0,315.0,,True
ZHO,Alfa Romeo,5.0,1:59:811,0:39:520,0:51:691,0:28:600,MEDIUM,5.0,1,144.0,180.0,282.0,161.0,,False
ZHO,Alfa Romeo,6.0,1:16:372,0:22:748,0:30:662,0:22:962,MEDIUM,6.0,1,281.0,293.0,288.0,315.0,,True
ZHO,Alfa Romeo,7.0,1:41:841,0:31:759,0:36:680,0:33:402,MEDIUM,7.0,1,222.0,197.0,,232.0,,False
ZHO,Alfa Romeo,8.0,1:57:331,0:54:121,0:33:946,0:29:264,MEDIUM,8.0,1,230.0,227.0,,227.0,,False
ZHO,Alfa Romeo,9.0,,,0:47:877,0:25:990,SOFT,1.0,1,210.0,216.0,288.0,190.0,,False
ZHO,Alfa Romeo,10.0,1:14:585,0:22:199,0:29:909,0:22:477,SOFT,2.0,1,284.0,299.0,292.0,322.0,,True
ZHO,Alfa Romeo,11.0,2:09:373,0:35:650,0:52:244,0:41:479,SOFT,3.0,1,127.0,197.0,,203.0,,False
ZHO,Alfa Romeo,12.0,2:12:226,1:03:412,0:42:099,0:26:715,SOFT,4.0,1,176.0,223.0,290.0,131.0,,False
ZHO,Alfa Romeo,13.0,1:15:081,0:22:183,0:30:197,0:22:701,SOFT,5.0,1,284.0,295.0,290.0,321.0,,False
ZHO,Alfa Romeo,14.0,1:35:851,0:28:613,0:37:948,0:29:290,SOFT,6.0,1,208.0,218.0,,276.0,,False
ZHO,Alfa Romeo,15.0,,,0:33:626,0:24:741,TEST_UNKNOWN,1.0,1,241.0,250.0,269.0,145.0,,False
ZHO,Alfa Romeo,16.0,1:21:501,0:24:301,0:32:684,0:24:516,TEST_UNKNOWN,2.0,1,266.0,249.0,271.0,295.0,,False
ZHO,Alfa Romeo,17.0,1:21:565,0:24:243,0:32:972,0:24:350,TEST_UNKNOWN,3.0,1,259.0,259.0,282.0,301.0,,False
ZHO,Alfa Romeo,18.0,1:21:055,0:24:029,0:32:750,0:24:276,TEST_UNKNOWN,4.0,1,,261.0,271.0,323.0,,False
ZHO,Alfa Romeo,19.0,1:20:752,0:24:119,0:32:353,0:24:280,TEST_UNKNOWN,5.0,1,267.0,264.0,273.0,298.0,,False
ZHO,Alfa Romeo,20.0,1:24:924,0:23:972,0:32:372,0:28:580,TEST_UNKNOWN,6.0,1,266.0,267.0,,300.0,,False
ZHO,Alfa Romeo,21.0,1:46:619,0:49:258,0:32:945,0:24:416,MEDIUM,9.0,1,247.0,267.0,272.0,203.0,,False
ZHO,Alfa Romeo,22.0,1:20:483,0:24:152,0:32:158,0:24:173,MEDIUM,10.0,1,266.0,264.0,277.0,297.0,,False
ZHO,Alfa Romeo,23.0,1:20:210,0:23:878,0:32:032,0:24:300,MEDIUM,11.0,1,,273.0,273.0,302.0,,False
ZHO,Alfa Romeo,24.0,1:21:043,0:24:209,0:32:489,0:24:345,MEDIUM,12.0,1,268.0,269.0,272.0,299.0,,False
ZHO,Alfa Romeo,25.0,1:20:862,0:24:136,0:32:326,0:24:400,MEDIUM,13.0,1,265.0,270.0,272.0,,,False
ZHO,Alfa Romeo,26.0,1:21:040,0:24:164,0:32:381,0:24:495,MEDIUM,14.0,1,264.0,265.0,273.0,298.0,,False
ZHO,Alfa Romeo,27.0,1:20:637,0:23:933,0:32:345,0:24:359,MEDIUM,15.0,1,268.0,272.0,274.0,300.0,,False
ZHO,Alfa Romeo,28.0,1:51:025,0:28:296,0:38:676,0:44:053,MEDIUM,16.0,1,199.0,174.0,45.0,299.0,,False
ZHO,Alfa Romeo,29.0,2:06:363,0:58:349,0:35:243,0:32:771,MEDIUM,17.0,1,258.0,170.0,,278.0,,False
HUL,Haas F1 Team,1.0,,,0:47:991,0:34:726,MEDIUM,1.0,1,200.0,115.0,285.0,202.0,,False
HUL,Haas F1 Team,2.0,1:16:395,0:22:628,0:30:622,0:23:145,MEDIUM,2.0,1,278.0,294.0,289.0,327.0,,True
HUL,Haas F1 Team,3.0,1:53:905,0:39:976,0:42:191,0:31:738,MEDIUM,3.0,1,145.0,155.0,286.0,151.0,,False
HUL,Haas F1 Team,4.0,1:16:152,0:22:617,0:30:684,0:22:851,MEDIUM,4.0,1,282.0,300.0,289.0,323.0,,True
HUL,Haas F1 Team,5.0,1:55:719,0:34:848,0:49:647,0:31:224,MEDIUM,5.0,1,141.0,179.0,283.0,170.0,,False
HUL,Haas F1 Team,6.0,1:16:729,0:22:674,0:30:900,0:23:155,MEDIUM,6.0,1,283.0,300.0,287.0,321.0,,False
HUL,Haas F1 Team,7.0,1:31:956,0:25:946,0:36:053,0:29:957,MEDIUM,7.0,1,241.0,153.0,,224.0,,False
HUL,Haas F1 Team,8.0,,,0:42:412,0:29:163,SOFT,1.0,1,196.0,209.0,289.0,231.0,,False
HUL,Haas F1 Team,9.0,1:14:177,0:21:998,0:29:698,0:22:481,SOFT,2.0,1,287.0,304.0,292.0,323.0,,True
HUL,Haas F1 Team,10.0,1:58:832,0:36:057,0:44:168,0:38:607,SOFT,3.0,1,155.0,190.0,,160.0,,False
HUL,Haas F1 Team,11.0,,,0:33:894,0:24:634,SOFT,4.0,1,240.0,261.0,273.0,232.0,,False
HUL,Haas F1 Team,12.0,1:21:005,0:24:130,0:32:527,0:24:348,SOFT,5.0,1,261.0,269.0,271.0,298.0,,False
HUL,Haas F1 Team,13.0,1:20:291,0:24:062,0:32:180,0:24:049,SOFT,6.0,1,269.0,270.0,274.0,,,False
HUL,Haas F1 Team,14.0,1:20:590,0:23:988,0:32:277,0:24:325,SOFT,7.0,1,264.0,269.0,272.0,302.0,,False
HUL,Haas F1 Team,15.0,1:20:346,0:24:004,0:32:224,0:24:118,SOFT,8.0,1,265.0,270.0,275.0,300.0,,False
HUL,Haas F1 Team,16.0,1:20:457,0:23:944,0:32:238,0:24:275,SOFT,9.0,1,262.0,266.0,273.0,301.0,,False
HUL,Haas F1 Team,17.0,1:20:884,0:24:119,0:32:565,0:24:200,SOFT,10.0,1,267.0,268.0,275.0,,,False
HUL,Haas F1 Team,18.0,1:21:859,0:24:406,0:32:899,0:24:554,SOFT,11.0,1,261.0,266.0,274.0,305.0,,False
HUL,Haas F1 Team,19.0,1:20:909,0:24:055,0:32:517,0:24:337,SOFT,12.0,1,269.0,276.0,274.0,306.0,,False
HUL,Haas F1 Team,20.0,1:20:945,0:24:007,0:32:507,0:24:431,SOFT,13.0,1,268.0,269.0,273.0,305.0,,False
HUL,Haas F1 Team,21.0,1:21:567,0:24:125,0:32:827,0:24:615,SOFT,14.0,1,,266.0,273.0,302.0,,False
HUL,Haas F1 Team,22.0,1:22:144,0:24:566,0:32:887,0:24:691,SOFT,15.0,1,255.0,267.0,273.0,305.0,,False
HUL,Haas F1 Team,23.0,1:21:539,0:24:167,0:32:759,0:24:613,SOFT,16.0,1,264.0,267.0,274.0,306.0,,False
HUL,Haas F1 Team,24.0,1:21:715,0:24:667,0:32:626,0:24:422,SOFT,17.0,1,267.0,272.0,275.0,305.0,,False
HUL,Haas F1 Team,25.0,1:20:474,0:23:623,0:32:411,0:24:440,SOFT,18.0,1,269.0,276.0,271.0,323.0,,False
HUL,Haas F1 Team,26.0,1:21:243,0:24:037,0:32:708,0:24:498,SOFT,19.0,1,268.0,275.0,274.0,303.0,,False
HUL,Haas F1 Team,27.0,1:25:126,0:24:019,0:32:641,0:28:466,SOFT,20.0,1,271.0,277.0,,304.0,,False
HUL,Haas F1 Team,28.0,1:41:156,0:44:536,0:32:387,0:24:233,MEDIUM,8.0,1,269.0,277.0,274.0,252.0,,False
HUL,Haas F1 Team,29.0,1:20:058,0:23:763,0:32:094,0:24:201,MEDIUM,9.0,1,270.0,279.0,275.0,304.0,,False
HUL,Haas F1 Team,30.0,1:34:633,0:24:370,0:32:549,0:37:714,MEDIUM,10.0,1,261.0,261.0,69.0,307.0,,False
HUL,Haas F1 Team,31.0,1:51:466,0:48:288,0:33:441,0:29:737,MEDIUM,11.0,1,251.0,235.0,,275.0,,False
OCO,Alpine,1.0,,,0:40:370,0:32:216,HARD,1.0,1,196.0,257.0,282.0,189.0,,False
OCO,Alpine,2.0,1:16:303,0:22:944,0:30:530,0:22:829,HARD,2.0,1,281.0,297.0,289.0,317.0,,True
OCO,Alpine,3.0,2:04:694,0:35:977,0:53:430,0:35:287,HARD,3.0,1,119.0,198.0,280.0,306.0,,False
OCO,Alpine,4.0,1:15:999,0:22:619,0:30:545,0:22:835,HARD,4.0,1,286.0,299.0,292.0,323.0,,True
OCO,Alpine,5.0,1:59:838,0:33:957,0:57:002,0:28:879,HARD,5.0,1,131.0,186.0,290.0,305.0,,False
OCO,Alpine,6.0,1:16:020,0:22:539,0:30:647,0:22:834,HARD,6.0,1,286.0,300.0,291.0,327.0,,False
OCO,Alpine,7.0,1:41:262,0:26:946,0:44:063,0:30:253,HARD,7.0,1,161.0,194.0,,307.0,,False
OCO,Alpine,8.0,,,0:44:668,0:32:173,SOFT,1.0,1,167.0,269.0,290.0,145.0,,False
OCO,Alpine,9.0,1:14:242,0:22:164,0:29:707,0:22:371,SOFT,2.0,1,289.0,303.0,290.0,322.0,,True
OCO,Alpine,10.0,2:15:484,0:32:967,0:55:988,0:46:529,SOFT,3.0,1,165.0,86.0,,302.0,,False
OCO,Alpine,11.0,2:18:432,0:53:183,0:53:826,0:31:423,SOFT,4.0,1,118.0,252.0,290.0,137.0,,False
OCO,Alpine,12.0,1:14:808,0:22:279,0:30:097,0:22:432,SOFT,5.0,1,286.0,302.0,292.0,322.0,,False
OCO,Alpine,13.0,1:43:548,0:28:465,0:41:240,0:33:843,SOFT,6.0,1,194.0,235.0,,307.0,,False
OCO,Alpine,14.0,,,0:32:469,0:24:145,SOFT,7.0,1,252.0,268.0,274.0,228.0,,False
OCO,Alpine,15.0,1:20:174,0:23:902,0:32:210,0:24:062,SOFT,8.0,1,271.0,268.0,284.0,301.0,,False
OCO,Alpine,16.0,1:19:606,0:23:440,0:32:145,0:24:021,SOFT,9.0,1,267.0,273.0,275.0,325.0,,False
OCO,Alpine,17.0,1:20:216,0:23:830,0:32:081,0:24:305,SOFT,10.0,1,269.0,276.0,275.0,306.0,,False
OCO,Alpine,18.0,1:20:661,0:24:180,0:32:323,0:24:158,SOFT,11.0,1,266.0,275.0,275.0,,,False
OCO,Alpine,19.0,1:20:548,0:24:071,0:32:318,0:24:159,SOFT,12.0,1,268.0,274.0,277.0,308.0,,False
OCO,Alpine,20.0,1:21:072,0:24:064,0:32:682,0:24:326,SOFT,13.0,1,261.0,270.0,275.0,,,False
OCO,Alpine,21.0,1:20:829,0:24:043,0:32:604,0:24:182,SOFT,14.0,1,262.0,272.0,275.0,310.0,,False
OCO,Alpine,22.0,1:21:068,0:24:019,0:32:690,0:24:359,SOFT,15.0,1,261.0,264.0,275.0,,,False
OCO,Alpine,23.0,1:21:226,0:24:126,0:32:752,0:24:348,SOFT,16.0,1,259.0,265.0,275.0,,,False
OCO,Alpine,24.0,1:21:864,0:24:154,0:33:175,0:24:535,SOFT,17.0,1,260.0,267.0,273.0,307.0,,False
OCO,Alpine,25.0,1:21:664,0:24:181,0:33:019,0:24:464,SOFT,18.0,1,259.0,269.0,272.0,305.0,,False
OCO,Alpine,26.0,1:21:488,0:24:132,0:32:779,0:24:577,SOFT,19.0,1,260.0,270.0,274.0,303.0,,False
OCO,Alpine,27.0,1:20:870,0:23:966,0:32:569,0:24:335,SOFT,20.0,1,274.0,277.0,275.0,,,False
OCO,Alpine,28.0,1:21:067,0:23:982,0:32:696,0:24:389,SOFT,21.0,1,263.0,277.0,275.0,307.0,,False
OCO,Alpine,29.0,2:04:282,0:31:492,0:45:251,0:47:539,SOFT,22.0,1,150.0,192.0,62.0,,,False
OCO,Alpine,30.0,2:10:486,1:00:227,0:38:589,0:31:670,SOFT,23.0,1,183.0,218.0,,280.0,,False
HAM,Mercedes,1.0,,,0:37:916,0:29:092,TEST_UNKNOWN,8.0,1,237.0,136.0,281.0,237.0,,False
HAM,Mercedes,2.0,1:29:281,0:23:128,0:37:170,0:28:983,TEST_UNKNOWN,9.0,1,282.0,144.0,283.0,318.0,,True
HAM,Mercedes,3.0,1:17:245,0:22:785,0:31:132,0:23:328,TEST_UNKNOWN,10.0,1,284.0,301.0,285.0,323.0,,True
HAM,Mercedes,4.0,2:06:956,0:35:129,1:00:156,0:31:671,TEST_UNKNOWN,11.0,1,124.0,193.0,281.0,207.0,,False
HAM,Mercedes,5.0,1:30:540,0:25:548,0:35:588,0:29:404,TEST_UNKNOWN,12.0,1,181.0,231.0,,319.0,,False
HAM,Mercedes,6.0,1:54:007,0:51:790,0:36:410,0:25:807,MEDIUM,1.0,1,230.0,274.0,283.0,188.0,,False
HAM,Mercedes,7.0,1:16:204,0:22:694,0:30:516,0:22:994,MEDIUM,2.0,1,286.0,302.0,286.0,317.0,,True
HAM,Mercedes,8.0,1:53:457,0:35:156,0:47:800,0:30:501,MEDIUM,3.0,1,132.0,199.0,281.0,174.0,,False
HAM,Mercedes,9.0,1:16:010,0:22:588,0:30:469,0:22:953,MEDIUM,4.0,1,285.0,303.0,287.0,317.0,,True
HAM,Mercedes,10.0,1:29:702,0:28:300,0:33:904,0:27:498,MEDIUM,5.0,1,226.0,263.0,,303.0,,False
HAM,Mercedes,11.0,,,0:35:826,0:31:827,SOFT,1.0,1,221.0,269.0,289.0,225.0,,False
HAM,Mercedes,12.0,1:14:549,0:21:964,0:29:740,0:22:845,SOFT,2.0,1,288.0,307.0,287.0,325.0,,True
HAM,Mercedes,13.0,2:23:796,0:42:661,0:58:575,0:42:560,SOFT,3.0,1,158.0,123.0,,158.0,,False
HAM,Mercedes,14.0,2:09:123,0:58:882,0:38:992,0:31:249,SOFT,4.0,1,198.0,224.0,284.0,204.0,,False
HAM,Mercedes,15.0,1:15:124,0:22:343,0:30:084,0:22:697,SOFT,5.0,1,285.0,301.0,289.0,321.0,,False
HAM,Mercedes,16.0,1:30:437,0:29:063,0:33:039,0:28:335,SOFT,6.0,1,227.0,233.0,,206.0,,False
HAM,Mercedes,17.0,,,0:34:277,0:26:036,SOFT,7.0,1,244.0,233.0,268.0,234.0,,False
HAM,Mercedes,18.0,1:20:602,0:24:237,0:32:181,0:24:184,SOFT,8.0,1,260.0,271.0,271.0,299.0,,False
HAM,Mercedes,19.0,1:20:403,0:24:050,0:32:173,0:24:180,SOFT,9.0,1,259.0,268.0,272.0,,,False
HAM,Mercedes,20.0,1:20:172,0:23:964,0:32:026,0:24:182,SOFT,10.0,1,263.0,274.0,273.0,300.0,,False
HAM,Mercedes,21.0,1:20:431,0:23:907,0:32:244,0:24:280,SOFT,11.0,1,266.0,271.0,273.0,301.0,,False
HAM,Mercedes,22.0,1:23:749,0:24:044,0:34:370,0:25:335,SOFT,12.0,1,267.0,207.0,273.0,302.0,,False
HAM,Mercedes,23.0,1:24:961,0:23:960,0:32:708,0:28:293,SOFT,13.0,1,,262.0,,317.0,,False
HAM,Mercedes,24.0,1:40:087,0:43:613,0:32:119,0:24:355,MEDIUM,6.0,1,273.0,276.0,272.0,247.0,,False
HAM,Mercedes,25.0,1:20:715,0:23:957,0:32:434,0:24:324,MEDIUM,7.0,1,269.0,263.0,272.0,303.0,,False
HAM,Mercedes,26.0,1:20:136,0:23:914,0:32:152,0:24:070,MEDIUM,8.0,1,,271.0,274.0,,,False
HAM,Mercedes,27.0,1:24:322,0:24:582,0:35:391,0:24:349,MEDIUM,9.0,1,253.0,269.0,273.0,306.0,,False
HAM,Mercedes,28.0,1:19:948,0:23:787,0:32:053,0:24:108,MEDIUM,10.0,1,273.0,272.0,274.0,304.0,,False
HAM,Mercedes,29.0,1:20:199,0:23:803,0:32:215,0:24:181,MEDIUM,11.0,1,272.0,270.0,274.0,303.0,,False
HAM,Mercedes,30.0,2:00:105,0:32:049,0:41:492,0:46:564,MEDIUM,12.0,1,187.0,218.0,52.0,199.0,,False
HAM,Mercedes,31.0,2:01:751,0:55:652,0:33:865,0:32:234,MEDIUM,13.0,1,253.0,225.0,,283.0,,False
SAI,Ferrari,1.0,,,0:39:069,0:41:753,SOFT,1.0,1,202.0,192.0,285.0,191.0,,False
SAI,Ferrari,2.0,1:14:999,0:22:281,0:29:980,0:22:738,SOFT,2.0,1,283.0,299.0,289.0,321.0,,True
SAI,Ferrari,3.0,2:16:731,0:41:192,0:53:339,0:42:200,SOFT,3.0,1,160.0,136.0,,121.0,,False
SAI,Ferrari,4.0,,1:20:537,0:44:905,0:34:082,SOFT,4.0,1,65.0,178.0,292.0,165.0,,False
SAI,Ferrari,5.0,1:15:522,0:22:341,0:30:295,0:22:886,SOFT,5.0,1,283.0,305.0,291.0,325.0,,False
SAI,Ferrari,6.0,1:55:947,0:38:477,0:43:828,0:33:642,SOFT,6.0,1,188.0,187.0,,146.0,,False
SAI,Ferrari,7.0,,,0:41:195,0:27:241,SOFT,1.0,1,176.0,220.0,291.0,161.0,,False
SAI,Ferrari,8.0,1:14:274,0:22:055,0:29:698,0:22:521,SOFT,2.0,1,286.0,301.0,293.0,323.0,,True
SAI,Ferrari,9.0,1:47:741,0:33:137,0:40:351,0:34:253,SOFT,3.0,1,176.0,201.0,,185.0,,False
SAI,Ferrari,10.0,,,0:34:427,0:24:941,TEST_UNKNOWN,1.0,1,228.0,266.0,272.0,223.0,,False
SAI,Ferrari,11.0,1:20:066,0:24:038,0:32:171,0:23:857,TEST_UNKNOWN,2.0,1,270.0,267.0,273.0,300.0,,False
SAI,Ferrari,12.0,1:20:256,0:23:999,0:32:260,0:23:997,TEST_UNKNOWN,3.0,1,266.0,269.0,274.0,,,False
SAI,Ferrari,13.0,1:20:021,0:23:913,0:32:176,0:23:932,TEST_UNKNOWN,4.0,1,,271.0,273.0,,,False
SAI,Ferrari,14.0,1:20:340,0:24:045,0:32:282,0:24:013,TEST_UNKNOWN,5.0,1,262.0,271.0,273.0,,,False
SAI,Ferrari,15.0,1:20:368,0:23:960,0:32:321,0:24:087,TEST_UNKNOWN,6.0,1,267.0,272.0,274.0,302.0,,False
SAI,Ferrari,16.0,1:20:273,0:23:934,0:32:241,0:24:098,TEST_UNKNOWN,7.0,1,,277.0,273.0,301.0,,False
SAI,Ferrari,17.0,1:20:391,0:23:985,0:32:197,0:24:209,TEST_UNKNOWN,8.0,1,266.0,279.0,272.0,,,False
SAI,Ferrari,18.0,1:20:393,0:24:017,0:32:316,0:24:060,TEST_UNKNOWN,9.0,1,272.0,280.0,275.0,,,False
SAI,Ferrari,19.0,1:20:724,0:24:028,0:32:394,0:24:302,TEST_UNKNOWN,10.0,1,271.0,281.0,272.0,302.0,,False
SAI,Ferrari,20.0,1:20:553,0:23:963,0:32:322,0:24:268,TEST_UNKNOWN,11.0,1,,282.0,273.0,303.0,,False
SAI,Ferrari,21.0,1:20:631,0:23:921,0:32:400,0:24:310,TEST_UNKNOWN,12.0,1,,280.0,274.0,305.0,,False
SAI,Ferrari,22.0,1:25:307,0:23:988,0:32:742,0:28:577,TEST_UNKNOWN,13.0,1,267.0,278.0,,,,False
SAI,Ferrari,23.0,1:40:273,0:43:190,0:32:676,0:24:407,SOFT,7.0,1,258.0,267.0,272.0,251.0,,False
SAI,Ferrari,24.0,1:20:146,0:24:034,0:32:108,0:24:004,SOFT,8.0,1,269.0,269.0,273.0,300.0,,False
SAI,Ferrari,25.0,1:19:511,0:23:961,0:31:833,0:23:717,SOFT,9.0,1,268.0,273.0,274.0,301.0,,False
SAI,Ferrari,26.0,1:19:665,0:23:829,0:31:987,0:23:849,SOFT,10.0,1,,273.0,275.0,,,False
SAI,Ferrari,27.0,1:19:986,0:23:846,0:32:197,0:23:943,SOFT,11.0,1,267.0,276.0,273.0,303.0,,False
SAI,Ferrari,28.0,1:19:975,0:23:792,0:32:173,0:24:010,SOFT,12.0,1,271.0,279.0,274.0,,,False
SAI,Ferrari,29.0,1:35:533,0:23:950,0:37:379,0:34:204,SOFT,13.0,1,265.0,174.0,273.0,302.0,,False
SAI,Ferrari,30.0,1:19:725,0:23:730,0:31:976,0:24:019,SOFT,14.0,1,274.0,285.0,276.0,303.0,,False
SAI,Ferrari,31.0,1:59:399,0:28:536,0:42:302,0:48:561,SOFT,15.0,1,170.0,191.0,52.0,306.0,,False
SAI,Ferrari,32.0,2:06:841,0:59:745,0:33:726,0:33:370,SOFT,16.0,1,238.0,257.0,,288.0,,False
RUS,Mercedes,1.0,,,0:33:927,0:24:524,TEST_UNKNOWN,8.0,1,230.0,269.0,280.0,234.0,,False
RUS,Mercedes,2.0,1:17:731,0:23:047,0:31:223,0:23:461,TEST_UNKNOWN,9.0,1,276.0,293.0,285.0,316.0,,True
RUS,Mercedes,3.0,1:37:211,0:30:040,0:39:361,0:27:810,TEST_UNKNOWN,10.0,1,153.0,217.0,284.0,300.0,,False
RUS,Mercedes,4.0,1:23:906,0:22:847,0:32:584,0:28:475,TEST_UNKNOWN,11.0,1,277.0,239.0,,315.0,,False
RUS,Mercedes,5.0,1:44:813,0:44:659,0:34:536,0:25:618,MEDIUM,1.0,1,249.0,94.0,283.0,244.0,,False
RUS,Mercedes,6.0,1:31:935,0:22:579,0:38:881,0:30:475,MEDIUM,2.0,1,280.0,124.0,286.0,312.0,,False
RUS,Mercedes,7.0,1:35:337,0:22:420,0:30:377,0:42:540,MEDIUM,3.0,1,,297.0,195.0,314.0,,False
RUS,Mercedes,8.0,1:49:736,0:34:602,0:46:555,0:28:579,MEDIUM,4.0,1,176.0,189.0,284.0,277.0,,False
RUS,Mercedes,9.0,1:15:771,0:22:667,0:30:335,0:22:769,MEDIUM,5.0,1,279.0,299.0,289.0,310.0,,True
RUS,Mercedes,10.0,1:39:344,0:33:361,0:38:961,0:27:022,MEDIUM,6.0,1,150.0,277.0,,297.0,,False
RUS,Mercedes,11.0,,,0:33:076,0:32:863,SOFT,1.0,1,254.0,275.0,286.0,246.0,,False
RUS,Mercedes,12.0,1:14:392,0:22:239,0:29:715,0:22:438,SOFT,2.0,1,283.0,301.0,287.0,316.0,,True
RUS,Mercedes,13.0,1:39:819,0:28:811,0:38:638,0:32:370,SOFT,3.0,1,205.0,211.0,,262.0,,False
RUS,Mercedes,14.0,,,0:33:010,0:24:366,SOFT,4.0,1,258.0,266.0,267.0,234.0,,False
RUS,Mercedes,15.0,1:20:711,0:24:161,0:32:199,0:24:351,SOFT,5.0,1,267.0,277.0,266.0,289.0,,False
RUS,Mercedes,16.0,1:20:515,0:24:162,0:32:192,0:24:161,SOFT,6.0,1,261.0,268.0,270.0,293.0,,False
RUS,Mercedes,17.0,1:20:314,0:24:057,0:32:173,0:24:084,SOFT,7.0,1,262.0,274.0,279.0,295.0,,False
RUS,Mercedes,18.0,1:20:074,0:23:626,0:32:254,0:24:194,SOFT,8.0,1,272.0,281.0,269.0,320.0,,False
RUS,Mercedes,19.0,1:20:657,0:24:174,0:32:337,0:24:146,SOFT,9.0,1,260.0,279.0,277.0,297.0,,False
RUS,Mercedes,20.0,1:20:559,0:23:744,0:32:477,0:24:338,SOFT,10.0,1,264.0,264.0,281.0,320.0,,False
RUS,Mercedes,21.0,1:19:998,0:23:626,0:32:113,0:24:259,SOFT,11.0,1,260.0,268.0,272.0,321.0,,False
RUS,Mercedes,22.0,1:20:525,0:23:954,0:32:282,0:24:289,SOFT,12.0,1,270.0,262.0,270.0,298.0,,False
RUS,Mercedes,23.0,1:20:383,0:23:957,0:32:352,0:24:074,SOFT,13.0,1,264.0,266.0,272.0,295.0,,False
RUS,Mercedes,24.0,1:20:407,0:23:903,0:32:242,0:24:262,SOFT,14.0,1,262.0,276.0,279.0,297.0,,False
RUS,Mercedes,25.0,1:20:446,0:23:760,0:32:421,0:24:265,SOFT,15.0,1,255.0,275.0,279.0,320.0,,False
RUS,Mercedes,26.0,1:22:965,0:23:774,0:32:656,0:26:535,SOFT,16.0,1,257.0,252.0,270.0,,,False
RUS,Mercedes,27.0,1:20:678,0:23:976,0:32:383,0:24:319,SOFT,17.0,1,262.0,259.0,266.0,295.0,,False
RUS,Mercedes,28.0,1:21:063,0:24:075,0:32:527,0:24:461,SOFT,18.0,1,256.0,262.0,271.0,,,False
RUS,Mercedes,29.0,1:21:141,0:24:095,0:32:595,0:24:451,SOFT,19.0,1,262.0,257.0,271.0,,,False
RUS,Mercedes,30.0,1:56:651,0:33:470,0:41:311,0:41:870,SOFT,20.0,1,127.0,163.0,86.0,201.0,,False
RUS,Mercedes,31.0,1:58:771,0:54:610,0:35:414,0:28:747,SOFT,21.0,1,233.0,227.0,,273.0,,False
BOT,Alfa Romeo,1.0,,,0:39:782,0:25:464,MEDIUM,1.0,1,217.0,194.0,281.0,217.0,,False
BOT,Alfa Romeo,2.0,1:16:842,0:22:690,0:30:523,0:23:629,MEDIUM,2.0,1,276.0,294.0,253.0,311.0,,True
BOT,Alfa Romeo,3.0,2:00:692,0:47:308,0:43:129,0:30:255,MEDIUM,3.0,1,187.0,205.0,282.0,128.0,,False
BOT,Alfa Romeo,4.0,1:16:403,0:22:656,0:30:769,0:22:978,MEDIUM,4.0,1,276.0,295.0,285.0,314.0,,True
BOT,Alfa Romeo,5.0,2:04:542,0:39:711,0:49:197,0:35:634,MEDIUM,5.0,1,49.0,186.0,283.0,143.0,,False
BOT,Alfa Romeo,6.0,1:16:586,0:22:760,0:30:618,0:23:208,MEDIUM,6.0,1,278.0,296.0,281.0,317.0,,False
BOT,Alfa Romeo,7.0,1:36:796,0:26:855,0:35:489,0:34:452,MEDIUM,7.0,1,225.0,231.0,,260.0,,False
BOT,Alfa Romeo,8.0,2:14:025,0:55:868,0:44:641,0:33:516,MEDIUM,8.0,1,219.0,194.0,,222.0,,False
BOT,Alfa Romeo,9.0,,,0:44:106,0:26:302,SOFT,1.0,1,182.0,195.0,287.0,165.0,,False
BOT,Alfa Romeo,10.0,1:14:448,0:22:203,0:29:789,0:22:456,SOFT,2.0,1,280.0,297.0,288.0,315.0,,True
BOT,Alfa Romeo,11.0,1:59:980,0:39:907,0:42:059,0:38:014,SOFT,3.0,1,210.0,179.0,,122.0,,False
BOT,Alfa Romeo,12.0,2:13:676,1:00:839,0:46:516,0:26:321,SOFT,4.0,1,156.0,188.0,287.0,240.0,,False
BOT,Alfa Romeo,13.0,1:14:896,0:22:317,0:29:923,0:22:656,SOFT,5.0,1,279.0,299.0,289.0,316.0,,False
BOT,Alfa Romeo,14.0,1:52:850,0:41:504,0:37:024,0:34:322,SOFT,6.0,1,97.0,228.0,,131.0,,False
BOT,Alfa Romeo,15.0,,,0:33:428,0:24:065,TEST_UNKNOWN,1.0,1,249.0,262.0,269.0,233.0,,False
BOT,Alfa Romeo,16.0,1:20:159,0:24:186,0:32:044,0:23:929,TEST_UNKNOWN,2.0,1,264.0,272.0,268.0,292.0,,False
BOT,Alfa Romeo,17.0,1:20:015,0:23:955,0:32:132,0:23:928,TEST_UNKNOWN,3.0,1,268.0,272.0,271.0,294.0,,False
BOT,Alfa Romeo,18.0,1:20:528,0:24:134,0:32:261,0:24:133,TEST_UNKNOWN,4.0,1,262.0,267.0,270.0,293.0,,False
BOT,Alfa Romeo,19.0,1:20:330,0:23:977,0:32:252,0:24:101,TEST_UNKNOWN,5.0,1,,269.0,269.0,296.0,,False
BOT,Alfa Romeo,20.0,1:20:547,0:23:970,0:32:317,0:24:260,TEST_UNKNOWN,6.0,1,266.0,267.0,269.0,295.0,,False
BOT,Alfa Romeo,21.0,1:24:108,0:23:948,0:32:271,0:27:889,TEST_UNKNOWN,7.0,1,264.0,272.0,,297.0,,False
BOT,Alfa Romeo,22.0,1:40:602,0:44:148,0:32:280,0:24:174,SOFT,7.0,1,257.0,277.0,278.0,247.0,,False
BOT,Alfa Romeo,23.0,1:20:308,0:23:769,0:32:405,0:24:134,SOFT,8.0,1,259.0,275.0,279.0,316.0,,False
BOT,Alfa Romeo,24.0,1:20:787,0:24:103,0:32:440,0:24:244,SOFT,9.0,1,257.0,273.0,279.0,322.0,,False
BOT,Alfa Romeo,25.0,1:20:873,0:24:024,0:32:433,0:24:416,SOFT,10.0,1,255.0,277.0,279.0,320.0,,False
BOT,Alfa Romeo,26.0,1:24:038,0:24:992,0:34:162,0:24:884,SOFT,11.0,1,237.0,253.0,270.0,321.0,,False
BOT,Alfa Romeo,27.0,1:20:328,0:24:071,0:32:109,0:24:148,SOFT,12.0,1,265.0,272.0,271.0,295.0,,False
BOT,Alfa Romeo,28.0,1:20:865,0:24:049,0:32:475,0:24:341,SOFT,13.0,1,262.0,267.0,270.0,294.0,,False
BOT,Alfa Romeo,29.0,1:20:439,0:23:985,0:32:159,0:24:295,SOFT,14.0,1,266.0,273.0,268.0,296.0,,False
BOT,Alfa Romeo,30.0,1:20:500,0:24:052,0:32:147,0:24:301,SOFT,15.0,1,,274.0,268.0,295.0,,False
BOT,Alfa Romeo,31.0,1:54:137,0:30:431,0:39:093,0:44:613,SOFT,16.0,1,206.0,212.0,51.0,194.0,,False
BOT,Alfa Romeo,32.0,1:59:351,0:48:302,0:38:693,0:32:356,SOFT,17.0,1,260.0,141.0,,271.0,,False
PIA,McLaren,1.0,,,0:36:184,0:24:829,TEST_UNKNOWN,1.0,1,224.0,241.0,283.0,231.0,,False
PIA,McLaren,2.0,1:17:056,0:22:990,0:30:991,0:23:075,TEST_UNKNOWN,2.0,1,277.0,292.0,285.0,317.0,,True
PIA,McLaren,3.0,2:04:323,0:32:538,0:52:100,0:39:685,TEST_UNKNOWN,3.0,1,146.0,216.0,284.0,293.0,,False
PIA,McLaren,4.0,1:17:032,0:22:703,0:31:094,0:23:235,TEST_UNKNOWN,4.0,1,280.0,294.0,287.0,320.0,,True
PIA,McLaren,5.0,2:06:045,0:34:257,0:51:917,0:39:871,TEST_UNKNOWN,5.0,1,148.0,148.0,283.0,292.0,,False
PIA,McLaren,6.0,1:21:606,0:22:928,0:31:127,0:27:551,TEST_UNKNOWN,6.0,1,279.0,293.0,,316.0,,False
PIA,McLaren,7.0,1:53:381,0:51:253,0:34:988,0:27:140,MEDIUM,1.0,1,218.0,248.0,284.0,156.0,,False
PIA,McLaren,8.0,1:16:037,0:22:694,0:30:599,0:22:744,MEDIUM,2.0,1,279.0,293.0,288.0,311.0,,True
PIA,McLaren,9.0,1:52:232,0:32:999,0:51:656,0:27:577,MEDIUM,3.0,1,149.0,213.0,288.0,300.0,,False
PIA,McLaren,10.0,1:16:114,0:22:651,0:30:476,0:22:987,MEDIUM,4.0,1,281.0,295.0,288.0,315.0,,False
PIA,McLaren,11.0,1:35:514,0:27:050,0:38:378,0:30:086,MEDIUM,5.0,1,202.0,231.0,,301.0,,False
PIA,McLaren,12.0,,,0:36:055,0:25:676,SOFT,1.0,1,226.0,248.0,290.0,200.0,,False
PIA,McLaren,13.0,1:14:583,0:22:173,0:29:827,0:22:583,SOFT,2.0,1,283.0,296.0,286.0,317.0,,True
PIA,McLaren,14.0,1:45:521,0:33:889,0:41:854,0:29:778,SOFT,3.0,1,205.0,225.0,,233.0,,False
PIA,McLaren,15.0,,,0:33:689,0:24:676,SOFT,4.0,1,254.0,262.0,271.0,237.0,,False
PIA,McLaren,16.0,1:21:475,0:24:582,0:32:682,0:24:211,SOFT,5.0,1,263.0,262.0,271.0,294.0,,False
PIA,McLaren,17.0,1:21:339,0:24:435,0:32:782,0:24:122,SOFT,6.0,1,264.0,264.0,271.0,,,False
PIA,McLaren,18.0,1:20:860,0:24:287,0:32:502,0:24:071,SOFT,7.0,1,266.0,265.0,271.0,295.0,,False
PIA,McLaren,19.0,1:20:602,0:24:211,0:32:313,0:24:078,SOFT,8.0,1,268.0,268.0,271.0,298.0,,False
PIA,McLaren,20.0,1:20:922,0:24:409,0:32:419,0:24:094,SOFT,9.0,1,265.0,265.0,272.0,296.0,,False
PIA,McLaren,21.0,1:20:629,0:24:284,0:32:317,0:24:028,SOFT,10.0,1,268.0,272.0,274.0,297.0,,False
PIA,McLaren,22.0,1:20:672,0:24:195,0:32:312,0:24:165,SOFT,11.0,1,269.0,265.0,279.0,298.0,,False
PIA,McLaren,23.0,1:20:842,0:24:140,0:32:479,0:24:223,SOFT,12.0,1,266.0,269.0,274.0,324.0,,False
PIA,McLaren,24.0,1:21:269,0:24:280,0:32:614,0:24:375,SOFT,13.0,1,259.0,265.0,272.0,300.0,,False
PIA,McLaren,25.0,1:21:219,0:24:410,0:32:563,0:24:246,SOFT,14.0,1,266.0,266.0,281.0,299.0,,False
PIA,McLaren,26.0,1:25:555,0:24:619,0:32:905,0:28:031,SOFT,15.0,1,258.0,268.0,,326.0,,False
PIA,McLaren,27.0,1:40:356,0:44:302,0:32:248,0:23:806,MEDIUM,6.0,1,263.0,267.0,273.0,246.0,,False
PIA,McLaren,28.0,1:19:355,0:23:760,0:31:817,0:23:778,MEDIUM,7.0,1,270.0,274.0,274.0,295.0,,False
PIA,McLaren,29.0,1:54:018,0:27:878,0:38:992,0:47:148,MEDIUM,8.0,1,228.0,158.0,52.0,255.0,,False
PIA,McLaren,30.0,1:56:037,0:51:866,0:34:639,0:29:532,MEDIUM,9.0,1,225.0,216.0,,278.0,,False
